pandal_name,hour,weather,popularity_score,historical_density,crowd_risk
Bagbazar Sarbojanin,0,Clear,9,0.9107,Green
College Square,0,Cloudy,9,0.9263,Green
Deshapriya Park,0,Light Rain,8,0.7317,Green
Kumartuli Park,0,Heavy Rain,7,0.7045,Green
Suruchi Sangha,0,Clear,8,0.7994,Green
Sreebhumi Sporting Club,0,Cloudy,9,0.9308,Green
Ekdalia Evergreen,0,Light Rain,7,0.7023,Green
Tridhara Sammilani,0,Heavy Rain,6,0.6164,Green
Badamtala Ashar Sangha,0,Clear,7,0.7129,Green
Naktala Udayan Sangha,0,Cloudy,6,0.6307,Green
Bosepukur Sitala Mandir,0,Light Rain,6,0.5935,Green
Dum Dum Park Tarun Dal,0,Heavy Rain,7,0.7428,Green
Santosh Mitra Square,0,Clear,8,0.785,Green
Mohammad Ali Park,0,Cloudy,8,0.8186,Green
Jodhpur Park,0,Light Rain,6,0.6144,Green
Chetla Agrani Club,0,Heavy Rain,8,0.875,Green
Mudiali Club,0,Clear,7,0.6821,Green
Singhi Park Sarbojanin,0,Cloudy,7,0.7216,Green
Ballygunge Cultural Association,0,Light Rain,8,0.796,Green
Kashi Bose Lane,0,Heavy Rain,7,0.6711,Green
Ahiritola Sarbojanin,0,Clear,7,0.726,Green
Behala Nutan Dal,0,Cloudy,7,0.6767,Green
Tala Pratyay,0,Light Rain,8,0.8041,Green
Maniktala Chaltabagan,0,Heavy Rain,7,0.7305,Green
Hatibagan Sarbojanin,0,Clear,8,0.8238,Green
Bagbazar Sarbojanin,1,Cloudy,9,0.9101,Green
College Square,1,Light Rain,9,0.849,Green
Deshapriya Park,1,Heavy Rain,8,0.7835,Green
Kumartuli Park,1,Clear,7,0.6904,Green
Suruchi Sangha,1,Cloudy,8,0.7697,Green
Sreebhumi Sporting Club,1,Light Rain,9,0.8411,Green
Ekdalia Evergreen,1,Heavy Rain,7,0.7057,Green
Tridhara Sammilani,1,Clear,6,0.6249,Green
Badamtala Ashar Sangha,1,Cloudy,7,0.6878,Green
Naktala Udayan Sangha,1,Light Rain,6,0.63,Green
Bosepukur Sitala Mandir,1,Heavy Rain,6,0.5554,Green
Dum Dum Park Tarun Dal,1,Clear,7,0.6678,Green
Santosh Mitra Square,1,Cloudy,8,0.805,Green
Mohammad Ali Park,1,Light Rain,8,0.785,Green
Jodhpur Park,1,Heavy Rain,6,0.6219,Green
Chetla Agrani Club,1,Clear,8,0.816,Green
Mudiali Club,1,Cloudy,7,0.6873,Green
Singhi Park Sarbojanin,1,Light Rain,7,0.6581,Green
Ballygunge Cultural Association,1,Heavy Rain,8,0.7836,Green
Kashi Bose Lane,1,Clear,7,0.7168,Green
Ahiritola Sarbojanin,1,Cloudy,7,0.7233,Green
Behala Nutan Dal,1,Light Rain,7,0.6852,Green
Tala Pratyay,1,Heavy Rain,8,0.7409,Green
Maniktala Chaltabagan,1,Clear,7,0.6537,Green
Hatibagan Sarbojanin,1,Cloudy,8,0.814,Green
Bagbazar Sarbojanin,2,Light Rain,9,0.8868,Green
College Square,2,Heavy Rain,9,0.8875,Green
Deshapriya Park,2,Clear,8,0.7673,Green
Kumartuli Park,2,Cloudy,7,0.6667,Green
Suruchi Sangha,2,Light Rain,8,0.8294,Green
Sreebhumi Sporting Club,2,Heavy Rain,9,0.9152,Green
Ekdalia Evergreen,2,Clear,7,0.6792,Green
Tridhara Sammilani,2,Cloudy,6,0.6025,Green
Badamtala Ashar Sangha,2,Light Rain,7,0.7081,Green
Naktala Udayan Sangha,2,Heavy Rain,6,0.6561,Green
Bosepukur Sitala Mandir,2,Clear,6,0.5642,Green
Dum Dum Park Tarun Dal,2,Cloudy,7,0.7077,Green
Santosh Mitra Square,2,Light Rain,8,0.8292,Green
Mohammad Ali Park,2,Heavy Rain,8,0.8512,Green
Jodhpur Park,2,Clear,6,0.5776,Green
Chetla Agrani Club,2,Cloudy,8,0.7864,Green
Mudiali Club,2,Light Rain,7,0.7222,Green
Singhi Park Sarbojanin,2,Heavy Rain,7,0.6485,Green
Ballygunge Cultural Association,2,Clear,8,0.811,Green
Kashi Bose Lane,2,Cloudy,7,0.7699,Green
Ahiritola Sarbojanin,2,Light Rain,7,0.7145,Green
Behala Nutan Dal,2,Heavy Rain,7,0.6254,Green
Tala Pratyay,2,Clear,8,0.7715,Green
Maniktala Chaltabagan,2,Cloudy,7,0.6786,Green
Hatibagan Sarbojanin,2,Light Rain,8,0.8373,Green
Bagbazar Sarbojanin,3,Heavy Rain,9,0.8944,Green
College Square,3,Clear,9,0.8414,Green
Deshapriya Park,3,Cloudy,8,0.7981,Green
Kumartuli Park,3,Light Rain,7,0.7046,Green
Suruchi Sangha,3,Heavy Rain,8,0.7825,Green
Sreebhumi Sporting Club,3,Clear,9,0.8662,Green
Ekdalia Evergreen,3,Cloudy,7,0.7745,Green
Tridhara Sammilani,3,Light Rain,6,0.6293,Green
Badamtala Ashar Sangha,3,Heavy Rain,7,0.7326,Green
Naktala Udayan Sangha,3,Clear,6,0.5945,Green
Bosepukur Sitala Mandir,3,Cloudy,6,0.5771,Green
Dum Dum Park Tarun Dal,3,Light Rain,7,0.6841,Green
Santosh Mitra Square,3,Heavy Rain,8,0.7553,Green
Mohammad Ali Park,3,Clear,8,0.8553,Green
Jodhpur Park,3,Cloudy,6,0.5958,Green
Chetla Agrani Club,3,Light Rain,8,0.8457,Green
Mudiali Club,3,Heavy Rain,7,0.6856,Green
Singhi Park Sarbojanin,3,Clear,7,0.715,Green
Ballygunge Cultural Association,3,Cloudy,8,0.8064,Green
Kashi Bose Lane,3,Light Rain,7,0.6521,Green
Ahiritola Sarbojanin,3,Heavy Rain,7,0.7603,Green
Behala Nutan Dal,3,Clear,7,0.6866,Green
Tala Pratyay,3,Cloudy,8,0.7613,Green
Maniktala Chaltabagan,3,Light Rain,7,0.7225,Green
Hatibagan Sarbojanin,3,Heavy Rain,8,0.7998,Green
Bagbazar Sarbojanin,4,Clear,9,0.9118,Green
College Square,4,Cloudy,9,0.9032,Green
Deshapriya Park,4,Light Rain,8,0.7282,Green
Kumartuli Park,4,Heavy Rain,7,0.6705,Green
Suruchi Sangha,4,Clear,8,0.7693,Green
Sreebhumi Sporting Club,4,Cloudy,9,0.9321,Green
Ekdalia Evergreen,4,Light Rain,7,0.7011,Green
Tridhara Sammilani,4,Heavy Rain,6,0.5885,Green
Badamtala Ashar Sangha,4,Clear,7,0.7188,Green
Naktala Udayan Sangha,4,Cloudy,6,0.5946,Green
Bosepukur Sitala Mandir,4,Light Rain,6,0.5922,Green
Dum Dum Park Tarun Dal,4,Heavy Rain,7,0.7062,Green
Santosh Mitra Square,4,Clear,8,0.8032,Green
Mohammad Ali Park,4,Cloudy,8,0.8881,Green
Jodhpur Park,4,Light Rain,6,0.5701,Green
Chetla Agrani Club,4,Heavy Rain,8,0.7488,Green
Mudiali Club,4,Clear,7,0.711,Green
Singhi Park Sarbojanin,4,Cloudy,7,0.6745,Green
Ballygunge Cultural Association,4,Light Rain,8,0.7248,Green
Kashi Bose Lane,4,Heavy Rain,7,0.6628,Green
Ahiritola Sarbojanin,4,Clear,7,0.6693,Green
Behala Nutan Dal,4,Cloudy,7,0.6385,Green
Tala Pratyay,4,Light Rain,8,0.8745,Green
Maniktala Chaltabagan,4,Heavy Rain,7,0.6616,Green
Hatibagan Sarbojanin,4,Clear,8,0.9017,Green
Bagbazar Sarbojanin,5,Cloudy,9,0.8871,Green
College Square,5,Light Rain,9,0.9605,Green
Deshapriya Park,5,Heavy Rain,8,0.7914,Green
Kumartuli Park,5,Clear,7,0.7152,Green
Suruchi Sangha,5,Cloudy,8,0.7953,Green
Sreebhumi Sporting Club,5,Light Rain,9,0.8917,Green
Ekdalia Evergreen,5,Heavy Rain,7,0.7081,Green
Tridhara Sammilani,5,Clear,6,0.6165,Green
Badamtala Ashar Sangha,5,Cloudy,7,0.7054,Green
Naktala Udayan Sangha,5,Light Rain,6,0.6019,Green
Bosepukur Sitala Mandir,5,Heavy Rain,6,0.5747,Green
Dum Dum Park Tarun Dal,5,Clear,7,0.6966,Green
Santosh Mitra Square,5,Cloudy,8,0.8551,Green
Mohammad Ali Park,5,Light Rain,8,0.7733,Green
Jodhpur Park,5,Heavy Rain,6,0.6417,Green
Chetla Agrani Club,5,Clear,8,0.8168,Green
Mudiali Club,5,Cloudy,7,0.7325,Green
Singhi Park Sarbojanin,5,Light Rain,7,0.6611,Green
Ballygunge Cultural Association,5,Heavy Rain,8,0.8092,Green
Kashi Bose Lane,5,Clear,7,0.6898,Green
Ahiritola Sarbojanin,5,Cloudy,7,0.6912,Green
Behala Nutan Dal,5,Light Rain,7,0.7515,Green
Tala Pratyay,5,Heavy Rain,8,0.7917,Green
Maniktala Chaltabagan,5,Clear,7,0.7104,Green
Hatibagan Sarbojanin,5,Cloudy,8,0.7385,Green
Bagbazar Sarbojanin,6,Light Rain,9,0.9605,Green
College Square,6,Heavy Rain,9,0.9302,Green
Deshapriya Park,6,Clear,8,0.7979,Green
Kumartuli Park,6,Cloudy,7,0.6883,Green
Suruchi Sangha,6,Light Rain,8,0.8204,Green
Sreebhumi Sporting Club,6,Heavy Rain,9,0.9412,Green
Ekdalia Evergreen,6,Clear,7,0.761,Green
Tridhara Sammilani,6,Cloudy,6,0.629,Green
Badamtala Ashar Sangha,6,Light Rain,7,0.7023,Green
Naktala Udayan Sangha,6,Heavy Rain,6,0.6346,Green
Bosepukur Sitala Mandir,6,Clear,6,0.6274,Green
Dum Dum Park Tarun Dal,6,Cloudy,7,0.741,Green
Santosh Mitra Square,6,Light Rain,8,0.8637,Green
Mohammad Ali Park,6,Heavy Rain,8,0.745,Green
Jodhpur Park,6,Clear,6,0.559,Green
Chetla Agrani Club,6,Cloudy,8,0.8529,Green
Mudiali Club,6,Light Rain,7,0.6755,Green
Singhi Park Sarbojanin,6,Heavy Rain,7,0.7011,Green
Ballygunge Cultural Association,6,Clear,8,0.7765,Green
Kashi Bose Lane,6,Cloudy,7,0.7404,Green
Ahiritola Sarbojanin,6,Light Rain,7,0.6198,Green
Behala Nutan Dal,6,Heavy Rain,7,0.7025,Green
Tala Pratyay,6,Clear,8,0.8566,Green
Maniktala Chaltabagan,6,Cloudy,7,0.6793,Green
Hatibagan Sarbojanin,6,Light Rain,8,0.7446,Green
Bagbazar Sarbojanin,7,Heavy Rain,9,0.9129,Green
College Square,7,Clear,9,0.88,Green
Deshapriya Park,7,Cloudy,8,0.8374,Green
Kumartuli Park,7,Light Rain,7,0.7082,Green
Suruchi Sangha,7,Heavy Rain,8,0.7698,Green
Sreebhumi Sporting Club,7,Clear,9,0.8947,Green
Ekdalia Evergreen,7,Cloudy,7,0.735,Green
Tridhara Sammilani,7,Light Rain,6,0.5956,Green
Badamtala Ashar Sangha,7,Heavy Rain,7,0.674,Green
Naktala Udayan Sangha,7,Clear,6,0.6071,Green
Bosepukur Sitala Mandir,7,Cloudy,6,0.6004,Green
Dum Dum Park Tarun Dal,7,Light Rain,7,0.73,Green
Santosh Mitra Square,7,Heavy Rain,8,0.8194,Green
Mohammad Ali Park,7,Clear,8,0.7928,Green
Jodhpur Park,7,Cloudy,6,0.6561,Green
Chetla Agrani Club,7,Light Rain,8,0.8038,Green
Mudiali Club,7,Heavy Rain,7,0.6439,Green
Singhi Park Sarbojanin,7,Clear,7,0.644,Green
Ballygunge Cultural Association,7,Cloudy,8,0.8154,Green
Kashi Bose Lane,7,Light Rain,7,0.7097,Green
Ahiritola Sarbojanin,7,Heavy Rain,7,0.6191,Green
Behala Nutan Dal,7,Clear,7,0.6835,Green
Tala Pratyay,7,Cloudy,8,0.8246,Green
Maniktala Chaltabagan,7,Light Rain,7,0.7266,Green
Hatibagan Sarbojanin,7,Heavy Rain,8,0.8186,Green
Bagbazar Sarbojanin,8,Clear,9,0.8937,Green
College Square,8,Cloudy,9,0.9287,Green
Deshapriya Park,8,Light Rain,8,0.8182,Green
Kumartuli Park,8,Heavy Rain,7,0.6959,Green
Suruchi Sangha,8,Clear,8,0.7302,Green
Sreebhumi Sporting Club,8,Cloudy,9,0.8481,Green
Ekdalia Evergreen,8,Light Rain,7,0.6763,Green
Tridhara Sammilani,8,Heavy Rain,6,0.59,Green
Badamtala Ashar Sangha,8,Clear,7,0.7381,Green
Naktala Udayan Sangha,8,Cloudy,6,0.5976,Green
Bosepukur Sitala Mandir,8,Light Rain,6,0.6032,Green
Dum Dum Park Tarun Dal,8,Heavy Rain,7,0.6792,Green
Santosh Mitra Square,8,Clear,8,0.7689,Green
Mohammad Ali Park,8,Cloudy,8,0.8281,Green
Jodhpur Park,8,Light Rain,6,0.5516,Green
Chetla Agrani Club,8,Heavy Rain,8,0.7636,Green
Mudiali Club,8,Clear,7,0.6954,Green
Singhi Park Sarbojanin,8,Cloudy,7,0.7325,Green
Ballygunge Cultural Association,8,Light Rain,8,0.7813,Green
Kashi Bose Lane,8,Heavy Rain,7,0.6771,Green
Ahiritola Sarbojanin,8,Clear,7,0.6934,Green
Behala Nutan Dal,8,Cloudy,7,0.7127,Green
Tala Pratyay,8,Light Rain,8,0.788,Green
Maniktala Chaltabagan,8,Heavy Rain,7,0.7374,Green
Hatibagan Sarbojanin,8,Clear,8,0.839,Green
Bagbazar Sarbojanin,9,Cloudy,9,0.8954,Green
College Square,9,Light Rain,9,0.9683,Green
Deshapriya Park,9,Heavy Rain,8,0.8024,Green
Kumartuli Park,9,Clear,7,0.7377,Green
Suruchi Sangha,9,Cloudy,8,0.8117,Green
Sreebhumi Sporting Club,9,Light Rain,9,0.911,Green
Ekdalia Evergreen,9,Heavy Rain,7,0.6444,Green
Tridhara Sammilani,9,Clear,6,0.5609,Green
Badamtala Ashar Sangha,9,Cloudy,7,0.6897,Green
Naktala Udayan Sangha,9,Light Rain,6,0.6387,Green
Bosepukur Sitala Mandir,9,Heavy Rain,6,0.6122,Green
Dum Dum Park Tarun Dal,9,Clear,7,0.69,Green
Santosh Mitra Square,9,Cloudy,8,0.8217,Green
Mohammad Ali Park,9,Light Rain,8,0.8372,Green
Jodhpur Park,9,Heavy Rain,6,0.6002,Green
Chetla Agrani Club,9,Clear,8,0.8078,Green
Mudiali Club,9,Cloudy,7,0.7032,Green
Singhi Park Sarbojanin,9,Light Rain,7,0.698,Green
Ballygunge Cultural Association,9,Heavy Rain,8,0.7727,Green
Kashi Bose Lane,9,Clear,7,0.6702,Green
Ahiritola Sarbojanin,9,Cloudy,7,0.738,Green
Behala Nutan Dal,9,Light Rain,7,0.69,Green
Tala Pratyay,9,Heavy Rain,8,0.7892,Green
Maniktala Chaltabagan,9,Clear,7,0.6359,Green
Hatibagan Sarbojanin,9,Cloudy,8,0.7303,Green
Bagbazar Sarbojanin,10,Light Rain,9,0.9477,Green
College Square,10,Heavy Rain,9,0.8748,Green
Deshapriya Park,10,Clear,8,0.6962,Green
Kumartuli Park,10,Cloudy,7,0.7847,Green
Suruchi Sangha,10,Light Rain,8,0.7804,Green
Sreebhumi Sporting Club,10,Heavy Rain,9,0.8454,Green
Ekdalia Evergreen,10,Clear,7,0.7035,Green
Tridhara Sammilani,10,Cloudy,6,0.6277,Green
Badamtala Ashar Sangha,10,Light Rain,7,0.7234,Green
Naktala Udayan Sangha,10,Heavy Rain,6,0.6314,Green
Bosepukur Sitala Mandir,10,Clear,6,0.566,Green
Dum Dum Park Tarun Dal,10,Cloudy,7,0.7468,Green
Santosh Mitra Square,10,Light Rain,8,0.8491,Green
Mohammad Ali Park,10,Heavy Rain,8,0.8509,Green
Jodhpur Park,10,Clear,6,0.609,Green
Chetla Agrani Club,10,Cloudy,8,0.7873,Green
Mudiali Club,10,Light Rain,7,0.6843,Green
Singhi Park Sarbojanin,10,Heavy Rain,7,0.6452,Green
Ballygunge Cultural Association,10,Clear,8,0.7811,Green
Kashi Bose Lane,10,Cloudy,7,0.6162,Green
Ahiritola Sarbojanin,10,Light Rain,7,0.641,Green
Behala Nutan Dal,10,Heavy Rain,7,0.7087,Green
Tala Pratyay,10,Clear,8,0.7911,Green
Maniktala Chaltabagan,10,Cloudy,7,0.7071,Green
Hatibagan Sarbojanin,10,Light Rain,8,0.8247,Green
Bagbazar Sarbojanin,11,Heavy Rain,9,0.9135,Green
College Square,11,Clear,9,0.9104,Yellow
Deshapriya Park,11,Cloudy,8,0.797,Green
Kumartuli Park,11,Light Rain,7,0.6736,Green
Suruchi Sangha,11,Heavy Rain,8,0.7564,Green
Sreebhumi Sporting Club,11,Clear,9,0.8975,Green
Ekdalia Evergreen,11,Cloudy,7,0.7018,Green
Tridhara Sammilani,11,Light Rain,6,0.6315,Green
Badamtala Ashar Sangha,11,Heavy Rain,7,0.6944,Green
Naktala Udayan Sangha,11,Clear,6,0.6192,Green
Bosepukur Sitala Mandir,11,Cloudy,6,0.5493,Green
Dum Dum Park Tarun Dal,11,Light Rain,7,0.7092,Green
Santosh Mitra Square,11,Heavy Rain,8,0.8066,Green
Mohammad Ali Park,11,Clear,8,0.8468,Green
Jodhpur Park,11,Cloudy,6,0.5912,Green
Chetla Agrani Club,11,Light Rain,8,0.7157,Green
Mudiali Club,11,Heavy Rain,7,0.6897,Green
Singhi Park Sarbojanin,11,Clear,7,0.725,Green
Ballygunge Cultural Association,11,Cloudy,8,0.7588,Green
Kashi Bose Lane,11,Light Rain,7,0.7082,Green
Ahiritola Sarbojanin,11,Heavy Rain,7,0.6572,Green
Behala Nutan Dal,11,Clear,7,0.7637,Green
Tala Pratyay,11,Cloudy,8,0.7552,Green
Maniktala Chaltabagan,11,Light Rain,7,0.6818,Green
Hatibagan Sarbojanin,11,Heavy Rain,8,0.8085,Green
Bagbazar Sarbojanin,12,Clear,9,0.918,Green
College Square,12,Cloudy,9,0.9446,Green
Deshapriya Park,12,Light Rain,8,0.7777,Green
Kumartuli Park,12,Heavy Rain,7,0.7267,Green
Suruchi Sangha,12,Clear,8,0.741,Green
Sreebhumi Sporting Club,12,Cloudy,9,0.8638,Green
Ekdalia Evergreen,12,Light Rain,7,0.6502,Green
Tridhara Sammilani,12,Heavy Rain,6,0.5718,Green
Badamtala Ashar Sangha,12,Clear,7,0.725,Green
Naktala Udayan Sangha,12,Cloudy,6,0.5785,Green
Bosepukur Sitala Mandir,12,Light Rain,6,0.5846,Green
Dum Dum Park Tarun Dal,12,Heavy Rain,7,0.7094,Green
Santosh Mitra Square,12,Clear,8,0.8165,Green
Mohammad Ali Park,12,Cloudy,8,0.7856,Green
Jodhpur Park,12,Light Rain,6,0.5636,Green
Chetla Agrani Club,12,Heavy Rain,8,0.8564,Green
Mudiali Club,12,Clear,7,0.6858,Green
Singhi Park Sarbojanin,12,Cloudy,7,0.6891,Green
Ballygunge Cultural Association,12,Light Rain,8,0.7934,Green
Kashi Bose Lane,12,Heavy Rain,7,0.7203,Green
Ahiritola Sarbojanin,12,Clear,7,0.6477,Green
Behala Nutan Dal,12,Cloudy,7,0.7718,Green
Tala Pratyay,12,Light Rain,8,0.7882,Green
Maniktala Chaltabagan,12,Heavy Rain,7,0.7215,Green
Hatibagan Sarbojanin,12,Clear,8,0.8058,Green
Bagbazar Sarbojanin,13,Cloudy,9,0.9647,Green
College Square,13,Light Rain,9,0.9584,Green
Deshapriya Park,13,Heavy Rain,8,0.8206,Green
Kumartuli Park,13,Clear,7,0.6696,Green
Suruchi Sangha,13,Cloudy,8,0.8424,Green
Sreebhumi Sporting Club,13,Light Rain,9,0.8408,Green
Ekdalia Evergreen,13,Heavy Rain,7,0.6684,Green
Tridhara Sammilani,13,Clear,6,0.5971,Green
Badamtala Ashar Sangha,13,Cloudy,7,0.6435,Green
Naktala Udayan Sangha,13,Light Rain,6,0.5817,Green
Bosepukur Sitala Mandir,13,Heavy Rain,6,0.6275,Green
Dum Dum Park Tarun Dal,13,Clear,7,0.675,Green
Santosh Mitra Square,13,Cloudy,8,0.8293,Green
Mohammad Ali Park,13,Light Rain,8,0.8834,Green
Jodhpur Park,13,Heavy Rain,6,0.6136,Green
Chetla Agrani Club,13,Clear,8,0.8286,Green
Mudiali Club,13,Cloudy,7,0.7438,Green
Singhi Park Sarbojanin,13,Light Rain,7,0.6848,Green
Ballygunge Cultural Association,13,Heavy Rain,8,0.8277,Green
Kashi Bose Lane,13,Clear,7,0.6839,Green
Ahiritola Sarbojanin,13,Cloudy,7,0.711,Green
Behala Nutan Dal,13,Light Rain,7,0.7333,Green
Tala Pratyay,13,Heavy Rain,8,0.7711,Green
Maniktala Chaltabagan,13,Clear,7,0.6188,Green
Hatibagan Sarbojanin,13,Cloudy,8,0.768,Green
Bagbazar Sarbojanin,14,Light Rain,9,0.939,Green
College Square,14,Heavy Rain,9,0.8639,Green
Deshapriya Park,14,Clear,8,0.8367,Yellow
Kumartuli Park,14,Cloudy,7,0.6681,Green
Suruchi Sangha,14,Light Rain,8,0.7922,Green
Sreebhumi Sporting Club,14,Heavy Rain,9,0.8995,Green
Ekdalia Evergreen,14,Clear,7,0.6638,Yellow
Tridhara Sammilani,14,Cloudy,6,0.5926,Green
Badamtala Ashar Sangha,14,Light Rain,7,0.6453,Green
Naktala Udayan Sangha,14,Heavy Rain,6,0.5877,Green
Bosepukur Sitala Mandir,14,Clear,6,0.5966,Green
Dum Dum Park Tarun Dal,14,Cloudy,7,0.6202,Green
Santosh Mitra Square,14,Light Rain,8,0.7677,Green
Mohammad Ali Park,14,Heavy Rain,8,0.8099,Green
Jodhpur Park,14,Clear,6,0.5601,Green
Chetla Agrani Club,14,Cloudy,8,0.8157,Yellow
Mudiali Club,14,Light Rain,7,0.7192,Green
Singhi Park Sarbojanin,14,Heavy Rain,7,0.7097,Green
Ballygunge Cultural Association,14,Clear,8,0.8272,Yellow
Kashi Bose Lane,14,Cloudy,7,0.6433,Green
Ahiritola Sarbojanin,14,Light Rain,7,0.7351,Green
Behala Nutan Dal,14,Heavy Rain,7,0.6643,Green
Tala Pratyay,14,Clear,8,0.8035,Yellow
Maniktala Chaltabagan,14,Cloudy,7,0.7629,Green
Hatibagan Sarbojanin,14,Light Rain,8,0.787,Green
Bagbazar Sarbojanin,15,Heavy Rain,9,0.9004,Green
College Square,15,Clear,9,0.8645,Yellow
Deshapriya Park,15,Cloudy,8,0.8625,Yellow
Kumartuli Park,15,Light Rain,7,0.6678,Green
Suruchi Sangha,15,Heavy Rain,8,0.8224,Green
Sreebhumi Sporting Club,15,Clear,9,0.9437,Yellow
Ekdalia Evergreen,15,Cloudy,7,0.7259,Yellow
Tridhara Sammilani,15,Light Rain,6,0.6119,Green
Badamtala Ashar Sangha,15,Heavy Rain,7,0.7029,Green
Naktala Udayan Sangha,15,Clear,6,0.5552,Yellow
Bosepukur Sitala Mandir,15,Cloudy,6,0.6605,Green
Dum Dum Park Tarun Dal,15,Light Rain,7,0.7089,Green
Santosh Mitra Square,15,Heavy Rain,8,0.8004,Green
Mohammad Ali Park,15,Clear,8,0.7617,Yellow
Jodhpur Park,15,Cloudy,6,0.6021,Green
Chetla Agrani Club,15,Light Rain,8,0.7982,Green
Mudiali Club,15,Heavy Rain,7,0.7629,Green
Singhi Park Sarbojanin,15,Clear,7,0.7004,Yellow
Ballygunge Cultural Association,15,Cloudy,8,0.8015,Yellow
Kashi Bose Lane,15,Light Rain,7,0.6621,Green
Ahiritola Sarbojanin,15,Heavy Rain,7,0.6739,Green
Behala Nutan Dal,15,Clear,7,0.7179,Yellow
Tala Pratyay,15,Cloudy,8,0.7375,Yellow
Maniktala Chaltabagan,15,Light Rain,7,0.7348,Green
Hatibagan Sarbojanin,15,Heavy Rain,8,0.8359,Green
Bagbazar Sarbojanin,16,Clear,9,0.8704,Yellow
College Square,16,Cloudy,9,0.9121,Yellow
Deshapriya Park,16,Light Rain,8,0.8451,Green
Kumartuli Park,16,Heavy Rain,7,0.6954,Green
Suruchi Sangha,16,Clear,8,0.7888,Yellow
Sreebhumi Sporting Club,16,Cloudy,9,0.8929,Yellow
Ekdalia Evergreen,16,Light Rain,7,0.7089,Green
Tridhara Sammilani,16,Heavy Rain,6,0.578,Green
Badamtala Ashar Sangha,16,Clear,7,0.6859,Yellow
Naktala Udayan Sangha,16,Cloudy,6,0.6096,Green
Bosepukur Sitala Mandir,16,Light Rain,6,0.5832,Green
Dum Dum Park Tarun Dal,16,Heavy Rain,7,0.6593,Green
Santosh Mitra Square,16,Clear,8,0.7348,Yellow
Mohammad Ali Park,16,Cloudy,8,0.8011,Yellow
Jodhpur Park,16,Light Rain,6,0.6425,Green
Chetla Agrani Club,16,Heavy Rain,8,0.8139,Green
Mudiali Club,16,Clear,7,0.6605,Yellow
Singhi Park Sarbojanin,16,Cloudy,7,0.6736,Green
Ballygunge Cultural Association,16,Light Rain,8,0.7886,Green
Kashi Bose Lane,16,Heavy Rain,7,0.7643,Green
Ahiritola Sarbojanin,16,Clear,7,0.7667,Yellow
Behala Nutan Dal,16,Cloudy,7,0.7614,Green
Tala Pratyay,16,Light Rain,8,0.8046,Green
Maniktala Chaltabagan,16,Heavy Rain,7,0.8113,Green
Hatibagan Sarbojanin,16,Clear,8,0.7752,Yellow
Bagbazar Sarbojanin,17,Cloudy,9,0.8873,Yellow
College Square,17,Light Rain,9,0.9318,Yellow
Deshapriya Park,17,Heavy Rain,8,0.8098,Green
Kumartuli Park,17,Clear,7,0.7118,Yellow
Suruchi Sangha,17,Cloudy,8,0.7322,Yellow
Sreebhumi Sporting Club,17,Light Rain,9,0.8656,Green
Ekdalia Evergreen,17,Heavy Rain,7,0.698,Green
Tridhara Sammilani,17,Clear,6,0.5757,Green
Badamtala Ashar Sangha,17,Cloudy,7,0.653,Green
Naktala Udayan Sangha,17,Light Rain,6,0.5795,Green
Bosepukur Sitala Mandir,17,Heavy Rain,6,0.6098,Green
Dum Dum Park Tarun Dal,17,Clear,7,0.7253,Yellow
Santosh Mitra Square,17,Cloudy,8,0.7338,Yellow
Mohammad Ali Park,17,Light Rain,8,0.7996,Green
Jodhpur Park,17,Heavy Rain,6,0.5964,Green
Chetla Agrani Club,17,Clear,8,0.8079,Yellow
Mudiali Club,17,Cloudy,7,0.6611,Green
Singhi Park Sarbojanin,17,Light Rain,7,0.6617,Green
Ballygunge Cultural Association,17,Heavy Rain,8,0.8436,Green
Kashi Bose Lane,17,Clear,7,0.6124,Green
Ahiritola Sarbojanin,17,Cloudy,7,0.6708,Green
Behala Nutan Dal,17,Light Rain,7,0.6857,Green
Tala Pratyay,17,Heavy Rain,8,0.7891,Green
Maniktala Chaltabagan,17,Clear,7,0.6763,Yellow
Hatibagan Sarbojanin,17,Cloudy,8,0.8168,Yellow
Bagbazar Sarbojanin,18,Light Rain,9,0.9136,Yellow
College Square,18,Heavy Rain,9,0.8948,Green
Deshapriya Park,18,Clear,8,0.7782,Yellow
Kumartuli Park,18,Cloudy,7,0.6921,Yellow
Suruchi Sangha,18,Light Rain,8,0.8024,Yellow
Sreebhumi Sporting Club,18,Heavy Rain,9,0.8737,Green
Ekdalia Evergreen,18,Clear,7,0.7194,Yellow
Tridhara Sammilani,18,Cloudy,6,0.6346,Yellow
Badamtala Ashar Sangha,18,Light Rain,7,0.7503,Yellow
Naktala Udayan Sangha,18,Heavy Rain,6,0.6477,Green
Bosepukur Sitala Mandir,18,Clear,6,0.5889,Yellow
Dum Dum Park Tarun Dal,18,Cloudy,7,0.7042,Yellow
Santosh Mitra Square,18,Light Rain,8,0.7942,Yellow
Mohammad Ali Park,18,Heavy Rain,8,0.7941,Green
Jodhpur Park,18,Clear,6,0.5919,Yellow
Chetla Agrani Club,18,Cloudy,8,0.8002,Yellow
Mudiali Club,18,Light Rain,7,0.7408,Yellow
Singhi Park Sarbojanin,18,Heavy Rain,7,0.7108,Green
Ballygunge Cultural Association,18,Clear,8,0.7597,Yellow
Kashi Bose Lane,18,Cloudy,7,0.7329,Yellow
Ahiritola Sarbojanin,18,Light Rain,7,0.7074,Yellow
Behala Nutan Dal,18,Heavy Rain,7,0.7172,Green
Tala Pratyay,18,Clear,8,0.8101,Yellow
Maniktala Chaltabagan,18,Cloudy,7,0.7118,Yellow
Hatibagan Sarbojanin,18,Light Rain,8,0.8134,Yellow
Bagbazar Sarbojanin,19,Heavy Rain,9,0.8397,Green
College Square,19,Clear,9,0.9167,Yellow
Deshapriya Park,19,Cloudy,8,0.7751,Yellow
Kumartuli Park,19,Light Rain,7,0.6831,Yellow
Suruchi Sangha,19,Heavy Rain,8,0.7999,Green
Sreebhumi Sporting Club,19,Clear,9,0.9566,Yellow
Ekdalia Evergreen,19,Cloudy,7,0.6649,Yellow
Tridhara Sammilani,19,Light Rain,6,0.5988,Green
Badamtala Ashar Sangha,19,Heavy Rain,7,0.691,Green
Naktala Udayan Sangha,19,Clear,6,0.6324,Yellow
Bosepukur Sitala Mandir,19,Cloudy,6,0.5901,Yellow
Dum Dum Park Tarun Dal,19,Light Rain,7,0.7078,Yellow
Santosh Mitra Square,19,Heavy Rain,8,0.765,Green
Mohammad Ali Park,19,Clear,8,0.8387,Yellow
Jodhpur Park,19,Cloudy,6,0.5504,Yellow
Chetla Agrani Club,19,Light Rain,8,0.8162,Yellow
Mudiali Club,19,Heavy Rain,7,0.708,Green
Singhi Park Sarbojanin,19,Clear,7,0.7131,Yellow
Ballygunge Cultural Association,19,Cloudy,8,0.7509,Yellow
Kashi Bose Lane,19,Light Rain,7,0.6894,Yellow
Ahiritola Sarbojanin,19,Heavy Rain,7,0.7305,Green
Behala Nutan Dal,19,Clear,7,0.7628,Yellow
Tala Pratyay,19,Cloudy,8,0.7962,Yellow
Maniktala Chaltabagan,19,Light Rain,7,0.7268,Yellow
Hatibagan Sarbojanin,19,Heavy Rain,8,0.8046,Green
Bagbazar Sarbojanin,20,Clear,9,0.8979,Yellow
College Square,20,Cloudy,9,0.8855,Yellow
Deshapriya Park,20,Light Rain,8,0.8001,Yellow
Kumartuli Park,20,Heavy Rain,7,0.7235,Green
Suruchi Sangha,20,Clear,8,0.8265,Yellow
Sreebhumi Sporting Club,20,Cloudy,9,0.8568,Yellow
Ekdalia Evergreen,20,Light Rain,7,0.6825,Green
Tridhara Sammilani,20,Heavy Rain,6,0.5634,Green
Badamtala Ashar Sangha,20,Clear,7,0.7018,Yellow
Naktala Udayan Sangha,20,Cloudy,6,0.5882,Yellow
Bosepukur Sitala Mandir,20,Light Rain,6,0.6119,Green
Dum Dum Park Tarun Dal,20,Heavy Rain,7,0.7143,Green
Santosh Mitra Square,20,Clear,8,0.7262,Yellow
Mohammad Ali Park,20,Cloudy,8,0.7237,Yellow
Jodhpur Park,20,Light Rain,6,0.5998,Green
Chetla Agrani Club,20,Heavy Rain,8,0.8416,Green
Mudiali Club,20,Clear,7,0.6825,Yellow
Singhi Park Sarbojanin,20,Cloudy,7,0.6815,Yellow
Ballygunge Cultural Association,20,Light Rain,8,0.8345,Yellow
Kashi Bose Lane,20,Heavy Rain,7,0.7282,Green
Ahiritola Sarbojanin,20,Clear,7,0.6666,Yellow
Behala Nutan Dal,20,Cloudy,7,0.7244,Yellow
Tala Pratyay,20,Light Rain,8,0.7733,Yellow
Maniktala Chaltabagan,20,Heavy Rain,7,0.6812,Green
Hatibagan Sarbojanin,20,Clear,8,0.7666,Yellow
Bagbazar Sarbojanin,21,Cloudy,9,0.8565,Yellow
College Square,21,Light Rain,9,0.9038,Yellow
Deshapriya Park,21,Heavy Rain,8,0.7518,Green
Kumartuli Park,21,Clear,7,0.7052,Yellow
Suruchi Sangha,21,Cloudy,8,0.8041,Yellow
Sreebhumi Sporting Club,21,Light Rain,9,0.8946,Yellow
Ekdalia Evergreen,21,Heavy Rain,7,0.684,Green
Tridhara Sammilani,21,Clear,6,0.5774,Yellow
Badamtala Ashar Sangha,21,Cloudy,7,0.6625,Yellow
Naktala Udayan Sangha,21,Light Rain,6,0.6506,Green
Bosepukur Sitala Mandir,21,Heavy Rain,6,0.5931,Green
Dum Dum Park Tarun Dal,21,Clear,7,0.692,Yellow
Santosh Mitra Square,21,Cloudy,8,0.768,Yellow
Mohammad Ali Park,21,Light Rain,8,0.8462,Yellow
Jodhpur Park,21,Heavy Rain,6,0.5795,Green
Chetla Agrani Club,21,Clear,8,0.8085,Yellow
Mudiali Club,21,Cloudy,7,0.7151,Yellow
Singhi Park Sarbojanin,21,Light Rain,7,0.7039,Yellow
Ballygunge Cultural Association,21,Heavy Rain,8,0.7511,Green
Kashi Bose Lane,21,Clear,7,0.7229,Yellow
Ahiritola Sarbojanin,21,Cloudy,7,0.6791,Yellow
Behala Nutan Dal,21,Light Rain,7,0.7278,Yellow
Tala Pratyay,21,Heavy Rain,8,0.777,Green
Maniktala Chaltabagan,21,Clear,7,0.7553,Yellow
Hatibagan Sarbojanin,21,Cloudy,8,0.8341,Yellow
Bagbazar Sarbojanin,22,Light Rain,9,0.9396,Green
College Square,22,Heavy Rain,9,0.9209,Green
Deshapriya Park,22,Clear,8,0.7616,Yellow
Kumartuli Park,22,Cloudy,7,0.6525,Green
Suruchi Sangha,22,Light Rain,8,0.8456,Green
Sreebhumi Sporting Club,22,Heavy Rain,9,0.9521,Green
Ekdalia Evergreen,22,Clear,7,0.6597,Green
Tridhara Sammilani,22,Cloudy,6,0.6036,Green
Badamtala Ashar Sangha,22,Light Rain,7,0.7397,Green
Naktala Udayan Sangha,22,Heavy Rain,6,0.6123,Green
Bosepukur Sitala Mandir,22,Clear,6,0.6158,Green
Dum Dum Park Tarun Dal,22,Cloudy,7,0.6738,Green
Santosh Mitra Square,22,Light Rain,8,0.7936,Green
Mohammad Ali Park,22,Heavy Rain,8,0.862,Green
Jodhpur Park,22,Clear,6,0.5915,Green
Chetla Agrani Club,22,Cloudy,8,0.7687,Green
Mudiali Club,22,Light Rain,7,0.676,Green
Singhi Park Sarbojanin,22,Heavy Rain,7,0.6942,Green
Ballygunge Cultural Association,22,Clear,8,0.8022,Green
Kashi Bose Lane,22,Cloudy,7,0.6969,Green
Ahiritola Sarbojanin,22,Light Rain,7,0.7602,Green
Behala Nutan Dal,22,Heavy Rain,7,0.6299,Green
Tala Pratyay,22,Clear,8,0.8005,Yellow
Maniktala Chaltabagan,22,Cloudy,7,0.7166,Green
Hatibagan Sarbojanin,22,Light Rain,8,0.8357,Green
Bagbazar Sarbojanin,23,Heavy Rain,9,0.9064,Green
College Square,23,Clear,9,0.9095,Yellow
Deshapriya Park,23,Cloudy,8,0.8244,Green
Kumartuli Park,23,Light Rain,7,0.7,Green
Suruchi Sangha,23,Heavy Rain,8,0.7142,Green
Sreebhumi Sporting Club,23,Clear,9,0.8585,Yellow
Ekdalia Evergreen,23,Cloudy,7,0.6911,Green
Tridhara Sammilani,23,Light Rain,6,0.5655,Green
Badamtala Ashar Sangha,23,Heavy Rain,7,0.786,Green
Naktala Udayan Sangha,23,Clear,6,0.5856,Green
Bosepukur Sitala Mandir,23,Cloudy,6,0.5598,Green
Dum Dum Park Tarun Dal,23,Light Rain,7,0.6959,Green
Santosh Mitra Square,23,Heavy Rain,8,0.797,Green
Mohammad Ali Park,23,Clear,8,0.7733,Yellow
Jodhpur Park,23,Cloudy,6,0.6128,Green
Chetla Agrani Club,23,Light Rain,8,0.7538,Green
Mudiali Club,23,Heavy Rain,7,0.672,Green
Singhi Park Sarbojanin,23,Clear,7,0.6996,Green
Ballygunge Cultural Association,23,Cloudy,8,0.7889,Green
Kashi Bose Lane,23,Light Rain,7,0.7215,Green
Ahiritola Sarbojanin,23,Heavy Rain,7,0.7536,Green
Behala Nutan Dal,23,Clear,7,0.691,Green
Tala Pratyay,23,Cloudy,8,0.8677,Green
Maniktala Chaltabagan,23,Light Rain,7,0.657,Green
Hatibagan Sarbojanin,23,Heavy Rain,8,0.852,Green
Bagbazar Sarbojanin,0,Heavy Rain,9,0.8537,Green
College Square,0,Clear,9,0.9147,Green
Deshapriya Park,0,Cloudy,8,0.7772,Green
Kumartuli Park,0,Light Rain,7,0.6751,Green
Suruchi Sangha,0,Heavy Rain,8,0.8799,Green
Sreebhumi Sporting Club,0,Clear,9,0.931,Green
Ekdalia Evergreen,0,Cloudy,7,0.6935,Green
Tridhara Sammilani,0,Light Rain,6,0.5072,Green
Badamtala Ashar Sangha,0,Heavy Rain,7,0.6366,Green
Naktala Udayan Sangha,0,Clear,6,0.5582,Green
Bosepukur Sitala Mandir,0,Cloudy,6,0.5984,Green
Dum Dum Park Tarun Dal,0,Light Rain,7,0.7144,Green
Santosh Mitra Square,0,Heavy Rain,8,0.7685,Green
Mohammad Ali Park,0,Clear,8,0.8255,Green
Jodhpur Park,0,Cloudy,6,0.6196,Green
Chetla Agrani Club,0,Light Rain,8,0.7808,Green
Mudiali Club,0,Heavy Rain,7,0.6586,Green
Singhi Park Sarbojanin,0,Clear,7,0.7114,Green
Ballygunge Cultural Association,0,Cloudy,8,0.8009,Green
Kashi Bose Lane,0,Light Rain,7,0.7216,Green
Ahiritola Sarbojanin,0,Heavy Rain,7,0.7447,Green
Behala Nutan Dal,0,Clear,7,0.7589,Green
Tala Pratyay,0,Cloudy,8,0.8366,Green
Maniktala Chaltabagan,0,Light Rain,7,0.6856,Green
Hatibagan Sarbojanin,0,Heavy Rain,8,0.794,Green
Bagbazar Sarbojanin,1,Clear,9,0.9339,Green
College Square,1,Cloudy,9,0.8721,Green
Deshapriya Park,1,Light Rain,8,0.7746,Green
Kumartuli Park,1,Heavy Rain,7,0.7271,Green
Suruchi Sangha,1,Clear,8,0.8609,Green
Sreebhumi Sporting Club,1,Cloudy,9,0.935,Green
Ekdalia Evergreen,1,Light Rain,7,0.7279,Green
Tridhara Sammilani,1,Heavy Rain,6,0.5983,Green
Badamtala Ashar Sangha,1,Clear,7,0.6707,Green
Naktala Udayan Sangha,1,Cloudy,6,0.6228,Green
Bosepukur Sitala Mandir,1,Light Rain,6,0.6538,Green
Dum Dum Park Tarun Dal,1,Heavy Rain,7,0.6869,Green
Santosh Mitra Square,1,Clear,8,0.7782,Green
Mohammad Ali Park,1,Cloudy,8,0.779,Green
Jodhpur Park,1,Light Rain,6,0.6127,Green
Chetla Agrani Club,1,Heavy Rain,8,0.8418,Green
Mudiali Club,1,Clear,7,0.6295,Green
Singhi Park Sarbojanin,1,Cloudy,7,0.7021,Green
Ballygunge Cultural Association,1,Light Rain,8,0.7536,Green
Kashi Bose Lane,1,Heavy Rain,7,0.7701,Green
Ahiritola Sarbojanin,1,Clear,7,0.7059,Green
Behala Nutan Dal,1,Cloudy,7,0.6862,Green
Tala Pratyay,1,Light Rain,8,0.809,Green
Maniktala Chaltabagan,1,Heavy Rain,7,0.6449,Green
Hatibagan Sarbojanin,1,Clear,8,0.7595,Green
Bagbazar Sarbojanin,2,Cloudy,9,0.9019,Green
College Square,2,Light Rain,9,0.9215,Green
Deshapriya Park,2,Heavy Rain,8,0.7912,Green
Kumartuli Park,2,Clear,7,0.6651,Green
Suruchi Sangha,2,Cloudy,8,0.7028,Green
Sreebhumi Sporting Club,2,Light Rain,9,0.8587,Green
Ekdalia Evergreen,2,Heavy Rain,7,0.6764,Green
Tridhara Sammilani,2,Clear,6,0.6198,Green
Badamtala Ashar Sangha,2,Cloudy,7,0.6929,Green
Naktala Udayan Sangha,2,Light Rain,6,0.548,Green
Bosepukur Sitala Mandir,2,Heavy Rain,6,0.5734,Green
Dum Dum Park Tarun Dal,2,Clear,7,0.6992,Green
Santosh Mitra Square,2,Cloudy,8,0.808,Green
Mohammad Ali Park,2,Light Rain,8,0.8103,Green
Jodhpur Park,2,Heavy Rain,6,0.5957,Green
Chetla Agrani Club,2,Clear,8,0.7343,Green
Mudiali Club,2,Cloudy,7,0.7307,Green
Singhi Park Sarbojanin,2,Light Rain,7,0.7144,Green
Ballygunge Cultural Association,2,Heavy Rain,8,0.8164,Green
Kashi Bose Lane,2,Clear,7,0.7949,Green
Ahiritola Sarbojanin,2,Cloudy,7,0.6721,Green
Behala Nutan Dal,2,Light Rain,7,0.7154,Green
Tala Pratyay,2,Heavy Rain,8,0.7639,Green
Maniktala Chaltabagan,2,Clear,7,0.7114,Green
Hatibagan Sarbojanin,2,Cloudy,8,0.8321,Green
Bagbazar Sarbojanin,3,Light Rain,9,0.8911,Green
College Square,3,Heavy Rain,9,0.8548,Green
Deshapriya Park,3,Clear,8,0.867,Green
Kumartuli Park,3,Cloudy,7,0.6868,Green
Suruchi Sangha,3,Light Rain,8,0.7856,Green
Sreebhumi Sporting Club,3,Heavy Rain,9,0.8868,Green
Ekdalia Evergreen,3,Clear,7,0.6393,Green
Tridhara Sammilani,3,Cloudy,6,0.5867,Green
Badamtala Ashar Sangha,3,Light Rain,7,0.6606,Green
Naktala Udayan Sangha,3,Heavy Rain,6,0.6436,Green
Bosepukur Sitala Mandir,3,Clear,6,0.547,Green
Dum Dum Park Tarun Dal,3,Cloudy,7,0.7142,Green
Santosh Mitra Square,3,Light Rain,8,0.7991,Green
Mohammad Ali Park,3,Heavy Rain,8,0.8195,Green
Jodhpur Park,3,Clear,6,0.6102,Green
Chetla Agrani Club,3,Cloudy,8,0.8429,Green
Mudiali Club,3,Light Rain,7,0.6889,Green
Singhi Park Sarbojanin,3,Heavy Rain,7,0.6387,Green
Ballygunge Cultural Association,3,Clear,8,0.8437,Green
Kashi Bose Lane,3,Cloudy,7,0.7118,Green
Ahiritola Sarbojanin,3,Light Rain,7,0.6765,Green
Behala Nutan Dal,3,Heavy Rain,7,0.681,Green
Tala Pratyay,3,Clear,8,0.7345,Green
Maniktala Chaltabagan,3,Cloudy,7,0.7211,Green
Hatibagan Sarbojanin,3,Light Rain,8,0.8201,Green
Bagbazar Sarbojanin,4,Heavy Rain,9,0.9414,Green
College Square,4,Clear,9,0.8929,Green
Deshapriya Park,4,Cloudy,8,0.7797,Green
Kumartuli Park,4,Light Rain,7,0.709,Green
Suruchi Sangha,4,Heavy Rain,8,0.7997,Green
Sreebhumi Sporting Club,4,Clear,9,0.8853,Green
Ekdalia Evergreen,4,Cloudy,7,0.6451,Green
Tridhara Sammilani,4,Light Rain,6,0.6479,Green
Badamtala Ashar Sangha,4,Heavy Rain,7,0.778,Green
Naktala Udayan Sangha,4,Clear,6,0.634,Green
Bosepukur Sitala Mandir,4,Cloudy,6,0.5924,Green
Dum Dum Park Tarun Dal,4,Light Rain,7,0.7137,Green
Santosh Mitra Square,4,Heavy Rain,8,0.8063,Green
Mohammad Ali Park,4,Clear,8,0.8289,Green
Jodhpur Park,4,Cloudy,6,0.6229,Green
Chetla Agrani Club,4,Light Rain,8,0.7905,Green
Mudiali Club,4,Heavy Rain,7,0.6696,Green
Singhi Park Sarbojanin,4,Clear,7,0.7083,Green
Ballygunge Cultural Association,4,Cloudy,8,0.7846,Green
Kashi Bose Lane,4,Light Rain,7,0.6563,Green
Ahiritola Sarbojanin,4,Heavy Rain,7,0.6767,Green
Behala Nutan Dal,4,Clear,7,0.6513,Green
Tala Pratyay,4,Cloudy,8,0.795,Green
Maniktala Chaltabagan,4,Light Rain,7,0.7814,Green
Hatibagan Sarbojanin,4,Heavy Rain,8,0.7893,Green
Bagbazar Sarbojanin,5,Clear,9,0.8886,Green
College Square,5,Cloudy,9,0.8963,Green
Deshapriya Park,5,Light Rain,8,0.8514,Green
Kumartuli Park,5,Heavy Rain,7,0.7805,Green
Suruchi Sangha,5,Clear,8,0.8625,Green
Sreebhumi Sporting Club,5,Cloudy,9,0.9337,Green
Ekdalia Evergreen,5,Light Rain,7,0.6701,Green
Tridhara Sammilani,5,Heavy Rain,6,0.6346,Green
Badamtala Ashar Sangha,5,Clear,7,0.655,Green
Naktala Udayan Sangha,5,Cloudy,6,0.5501,Green
Bosepukur Sitala Mandir,5,Light Rain,6,0.6038,Green
Dum Dum Park Tarun Dal,5,Heavy Rain,7,0.6995,Green
Santosh Mitra Square,5,Clear,8,0.7933,Green
Mohammad Ali Park,5,Cloudy,8,0.8734,Green
Jodhpur Park,5,Light Rain,6,0.5863,Green
Chetla Agrani Club,5,Heavy Rain,8,0.8157,Green
Mudiali Club,5,Clear,7,0.704,Green
Singhi Park Sarbojanin,5,Cloudy,7,0.7272,Green
Ballygunge Cultural Association,5,Light Rain,8,0.8307,Green
Kashi Bose Lane,5,Heavy Rain,7,0.7115,Green
Ahiritola Sarbojanin,5,Clear,7,0.6784,Green
Behala Nutan Dal,5,Cloudy,7,0.6782,Green
Tala Pratyay,5,Light Rain,8,0.7876,Green
Maniktala Chaltabagan,5,Heavy Rain,7,0.7113,Green
Hatibagan Sarbojanin,5,Clear,8,0.8249,Green
Bagbazar Sarbojanin,6,Cloudy,9,0.8802,Green
College Square,6,Light Rain,9,0.9464,Green
Deshapriya Park,6,Heavy Rain,8,0.7926,Green
Kumartuli Park,6,Clear,7,0.6262,Green
Suruchi Sangha,6,Cloudy,8,0.8699,Green
Sreebhumi Sporting Club,6,Light Rain,9,0.9024,Green
Ekdalia Evergreen,6,Heavy Rain,7,0.7313,Green
Tridhara Sammilani,6,Clear,6,0.5411,Green
Badamtala Ashar Sangha,6,Cloudy,7,0.675,Green
Naktala Udayan Sangha,6,Light Rain,6,0.589,Green
Bosepukur Sitala Mandir,6,Heavy Rain,6,0.5556,Green
Dum Dum Park Tarun Dal,6,Clear,7,0.6918,Green
Santosh Mitra Square,6,Cloudy,8,0.7851,Green
Mohammad Ali Park,6,Light Rain,8,0.8419,Green
Jodhpur Park,6,Heavy Rain,6,0.5253,Green
Chetla Agrani Club,6,Clear,8,0.8194,Green
Mudiali Club,6,Cloudy,7,0.7344,Green
Singhi Park Sarbojanin,6,Light Rain,7,0.7703,Green
Ballygunge Cultural Association,6,Heavy Rain,8,0.8262,Green
Kashi Bose Lane,6,Clear,7,0.6674,Green
Ahiritola Sarbojanin,6,Cloudy,7,0.6909,Green
Behala Nutan Dal,6,Light Rain,7,0.7083,Green
Tala Pratyay,6,Heavy Rain,8,0.8477,Green
Maniktala Chaltabagan,6,Clear,7,0.6377,Green
Hatibagan Sarbojanin,6,Cloudy,8,0.8193,Green
Bagbazar Sarbojanin,7,Light Rain,9,0.8452,Green
College Square,7,Heavy Rain,9,0.8796,Green
Deshapriya Park,7,Clear,8,0.7518,Green
Kumartuli Park,7,Cloudy,7,0.6745,Green
Suruchi Sangha,7,Light Rain,8,0.8283,Green
Sreebhumi Sporting Club,7,Heavy Rain,9,0.8863,Green
Ekdalia Evergreen,7,Clear,7,0.6714,Green
Tridhara Sammilani,7,Cloudy,6,0.5671,Green
Badamtala Ashar Sangha,7,Light Rain,7,0.6593,Green
Naktala Udayan Sangha,7,Heavy Rain,6,0.6255,Green
Bosepukur Sitala Mandir,7,Clear,6,0.6009,Green
Dum Dum Park Tarun Dal,7,Cloudy,7,0.712,Green
Santosh Mitra Square,7,Light Rain,8,0.7491,Green
Mohammad Ali Park,7,Heavy Rain,8,0.801,Green
Jodhpur Park,7,Clear,6,0.5225,Green
Chetla Agrani Club,7,Cloudy,8,0.8416,Green
Mudiali Club,7,Light Rain,7,0.7193,Green
Singhi Park Sarbojanin,7,Heavy Rain,7,0.6958,Green
Ballygunge Cultural Association,7,Clear,8,0.7179,Green
Kashi Bose Lane,7,Cloudy,7,0.6655,Green
Ahiritola Sarbojanin,7,Light Rain,7,0.6515,Green
Behala Nutan Dal,7,Heavy Rain,7,0.6939,Green
Tala Pratyay,7,Clear,8,0.8132,Green
Maniktala Chaltabagan,7,Cloudy,7,0.7112,Green
Hatibagan Sarbojanin,7,Light Rain,8,0.8552,Green
Bagbazar Sarbojanin,8,Heavy Rain,9,0.8981,Green
College Square,8,Clear,9,0.9443,Green
Deshapriya Park,8,Cloudy,8,0.7891,Green
Kumartuli Park,8,Light Rain,7,0.7178,Green
Suruchi Sangha,8,Heavy Rain,8,0.7924,Green
Sreebhumi Sporting Club,8,Clear,9,0.9101,Green
Ekdalia Evergreen,8,Cloudy,7,0.6985,Green
Tridhara Sammilani,8,Light Rain,6,0.5763,Green
Badamtala Ashar Sangha,8,Heavy Rain,7,0.802,Green
Naktala Udayan Sangha,8,Clear,6,0.6113,Green
Bosepukur Sitala Mandir,8,Cloudy,6,0.6202,Green
Dum Dum Park Tarun Dal,8,Light Rain,7,0.7267,Green
Santosh Mitra Square,8,Heavy Rain,8,0.8067,Green
Mohammad Ali Park,8,Clear,8,0.7179,Green
Jodhpur Park,8,Cloudy,6,0.6131,Green
Chetla Agrani Club,8,Light Rain,8,0.7573,Green
Mudiali Club,8,Heavy Rain,7,0.7051,Green
Singhi Park Sarbojanin,8,Clear,7,0.7099,Green
Ballygunge Cultural Association,8,Cloudy,8,0.7382,Green
Kashi Bose Lane,8,Light Rain,7,0.7003,Green
Ahiritola Sarbojanin,8,Heavy Rain,7,0.6485,Green
Behala Nutan Dal,8,Clear,7,0.6155,Green
Tala Pratyay,8,Cloudy,8,0.7478,Green
Maniktala Chaltabagan,8,Light Rain,7,0.6958,Green
Hatibagan Sarbojanin,8,Heavy Rain,8,0.7937,Green
Bagbazar Sarbojanin,9,Clear,9,0.8823,Green
College Square,9,Cloudy,9,0.9188,Green
Deshapriya Park,9,Light Rain,8,0.7917,Green
Kumartuli Park,9,Heavy Rain,7,0.7136,Green
Suruchi Sangha,9,Clear,8,0.8263,Green
Sreebhumi Sporting Club,9,Cloudy,9,0.9835,Green
Ekdalia Evergreen,9,Light Rain,7,0.6964,Green
Tridhara Sammilani,9,Heavy Rain,6,0.6417,Green
Badamtala Ashar Sangha,9,Clear,7,0.7078,Green
Naktala Udayan Sangha,9,Cloudy,6,0.6099,Green
Bosepukur Sitala Mandir,9,Light Rain,6,0.5969,Green
Dum Dum Park Tarun Dal,9,Heavy Rain,7,0.7047,Green
Santosh Mitra Square,9,Clear,8,0.792,Green
Mohammad Ali Park,9,Cloudy,8,0.8346,Green
Jodhpur Park,9,Light Rain,6,0.5746,Green
Chetla Agrani Club,9,Heavy Rain,8,0.7475,Green
Mudiali Club,9,Clear,7,0.6812,Green
Singhi Park Sarbojanin,9,Cloudy,7,0.6776,Green
Ballygunge Cultural Association,9,Light Rain,8,0.7812,Green
Kashi Bose Lane,9,Heavy Rain,7,0.6951,Green
Ahiritola Sarbojanin,9,Clear,7,0.6813,Green
Behala Nutan Dal,9,Cloudy,7,0.6516,Green
Tala Pratyay,9,Light Rain,8,0.7563,Green
Maniktala Chaltabagan,9,Heavy Rain,7,0.6837,Green
Hatibagan Sarbojanin,9,Clear,8,0.7392,Green
Bagbazar Sarbojanin,10,Cloudy,9,0.8605,Yellow
College Square,10,Light Rain,9,0.9049,Green
Deshapriya Park,10,Heavy Rain,8,0.8083,Green
Kumartuli Park,10,Clear,7,0.6841,Yellow
Suruchi Sangha,10,Cloudy,8,0.8359,Yellow
Sreebhumi Sporting Club,10,Light Rain,9,0.8797,Green
Ekdalia Evergreen,10,Heavy Rain,7,0.7224,Green
Tridhara Sammilani,10,Clear,6,0.5646,Green
Badamtala Ashar Sangha,10,Cloudy,7,0.6796,Green
Naktala Udayan Sangha,10,Light Rain,6,0.6212,Green
Bosepukur Sitala Mandir,10,Heavy Rain,6,0.6367,Green
Dum Dum Park Tarun Dal,10,Clear,7,0.6768,Yellow
Santosh Mitra Square,10,Cloudy,8,0.8395,Yellow
Mohammad Ali Park,10,Light Rain,8,0.7671,Green
Jodhpur Park,10,Heavy Rain,6,0.6026,Green
Chetla Agrani Club,10,Clear,8,0.7968,Yellow
Mudiali Club,10,Cloudy,7,0.6925,Green
Singhi Park Sarbojanin,10,Light Rain,7,0.6819,Green
Ballygunge Cultural Association,10,Heavy Rain,8,0.7521,Green
Kashi Bose Lane,10,Clear,7,0.6713,Yellow
Ahiritola Sarbojanin,10,Cloudy,7,0.6864,Green
Behala Nutan Dal,10,Light Rain,7,0.7177,Green
Tala Pratyay,10,Heavy Rain,8,0.8235,Green
Maniktala Chaltabagan,10,Clear,7,0.6798,Yellow
Hatibagan Sarbojanin,10,Cloudy,8,0.7828,Yellow
Bagbazar Sarbojanin,11,Light Rain,9,0.8729,Green
College Square,11,Heavy Rain,9,0.877,Green
Deshapriya Park,11,Clear,8,0.8385,Yellow
Kumartuli Park,11,Cloudy,7,0.7598,Yellow
Suruchi Sangha,11,Light Rain,8,0.7639,Green
Sreebhumi Sporting Club,11,Heavy Rain,9,0.8588,Green
Ekdalia Evergreen,11,Clear,7,0.6779,Green
Tridhara Sammilani,11,Cloudy,6,0.5632,Green
Badamtala Ashar Sangha,11,Light Rain,7,0.6574,Green
Naktala Udayan Sangha,11,Heavy Rain,6,0.5679,Green
Bosepukur Sitala Mandir,11,Clear,6,0.5842,Green
Dum Dum Park Tarun Dal,11,Cloudy,7,0.6547,Green
Santosh Mitra Square,11,Light Rain,8,0.8392,Green
Mohammad Ali Park,11,Heavy Rain,8,0.7529,Green
Jodhpur Park,11,Clear,6,0.5607,Green
Chetla Agrani Club,11,Cloudy,8,0.8283,Yellow
Mudiali Club,11,Light Rain,7,0.6147,Green
Singhi Park Sarbojanin,11,Heavy Rain,7,0.7241,Green
Ballygunge Cultural Association,11,Clear,8,0.8388,Yellow
Kashi Bose Lane,11,Cloudy,7,0.7106,Green
Ahiritola Sarbojanin,11,Light Rain,7,0.642,Green
Behala Nutan Dal,11,Heavy Rain,7,0.7096,Green
Tala Pratyay,11,Clear,8,0.7352,Yellow
Maniktala Chaltabagan,11,Cloudy,7,0.6885,Green
Hatibagan Sarbojanin,11,Light Rain,8,0.7803,Green
Bagbazar Sarbojanin,12,Heavy Rain,9,0.8986,Green
College Square,12,Clear,9,0.8893,Yellow
Deshapriya Park,12,Cloudy,8,0.8032,Green
Kumartuli Park,12,Light Rain,7,0.7167,Green
Suruchi Sangha,12,Heavy Rain,8,0.8014,Green
Sreebhumi Sporting Club,12,Clear,9,0.8317,Yellow
Ekdalia Evergreen,12,Cloudy,7,0.7096,Green
Tridhara Sammilani,12,Light Rain,6,0.606,Green
Badamtala Ashar Sangha,12,Heavy Rain,7,0.7233,Green
Naktala Udayan Sangha,12,Clear,6,0.6169,Green
Bosepukur Sitala Mandir,12,Cloudy,6,0.5262,Green
Dum Dum Park Tarun Dal,12,Light Rain,7,0.7428,Green
Santosh Mitra Square,12,Heavy Rain,8,0.7692,Green
Mohammad Ali Park,12,Clear,8,0.8301,Yellow
Jodhpur Park,12,Cloudy,6,0.5693,Green
Chetla Agrani Club,12,Light Rain,8,0.8262,Green
Mudiali Club,12,Heavy Rain,7,0.6609,Green
Singhi Park Sarbojanin,12,Clear,7,0.7203,Yellow
Ballygunge Cultural Association,12,Cloudy,8,0.8077,Yellow
Kashi Bose Lane,12,Light Rain,7,0.7517,Green
Ahiritola Sarbojanin,12,Heavy Rain,7,0.6794,Green
Behala Nutan Dal,12,Clear,7,0.7308,Green
Tala Pratyay,12,Cloudy,8,0.7541,Green
Maniktala Chaltabagan,12,Light Rain,7,0.7011,Green
Hatibagan Sarbojanin,12,Heavy Rain,8,0.7865,Green
Bagbazar Sarbojanin,13,Clear,9,0.8775,Yellow
College Square,13,Cloudy,9,0.8895,Yellow
Deshapriya Park,13,Light Rain,8,0.8166,Green
Kumartuli Park,13,Heavy Rain,7,0.6941,Green
Suruchi Sangha,13,Clear,8,0.8138,Yellow
Sreebhumi Sporting Club,13,Cloudy,9,0.9229,Yellow
Ekdalia Evergreen,13,Light Rain,7,0.7494,Green
Tridhara Sammilani,13,Heavy Rain,6,0.6101,Green
Badamtala Ashar Sangha,13,Clear,7,0.6927,Yellow
Naktala Udayan Sangha,13,Cloudy,6,0.587,Green
Bosepukur Sitala Mandir,13,Light Rain,6,0.6305,Green
Dum Dum Park Tarun Dal,13,Heavy Rain,7,0.6784,Green
Santosh Mitra Square,13,Clear,8,0.7627,Yellow
Mohammad Ali Park,13,Cloudy,8,0.8255,Yellow
Jodhpur Park,13,Light Rain,6,0.6499,Green
Chetla Agrani Club,13,Heavy Rain,8,0.8254,Green
Mudiali Club,13,Clear,7,0.684,Yellow
Singhi Park Sarbojanin,13,Cloudy,7,0.6297,Green
Ballygunge Cultural Association,13,Light Rain,8,0.7628,Green
Kashi Bose Lane,13,Heavy Rain,7,0.6454,Green
Ahiritola Sarbojanin,13,Clear,7,0.7359,Green
Behala Nutan Dal,13,Cloudy,7,0.6602,Green
Tala Pratyay,13,Light Rain,8,0.7907,Green
Maniktala Chaltabagan,13,Heavy Rain,7,0.6457,Green
Hatibagan Sarbojanin,13,Clear,8,0.7843,Yellow
Bagbazar Sarbojanin,14,Cloudy,9,0.8806,Yellow
College Square,14,Light Rain,9,0.9211,Yellow
Deshapriya Park,14,Heavy Rain,8,0.8217,Green
Kumartuli Park,14,Clear,7,0.7011,Yellow
Suruchi Sangha,14,Cloudy,8,0.7836,Yellow
Sreebhumi Sporting Club,14,Light Rain,9,0.8727,Yellow
Ekdalia Evergreen,14,Heavy Rain,7,0.7193,Green
Tridhara Sammilani,14,Clear,6,0.6417,Yellow
Badamtala Ashar Sangha,14,Cloudy,7,0.6784,Yellow
Naktala Udayan Sangha,14,Light Rain,6,0.5889,Green
Bosepukur Sitala Mandir,14,Heavy Rain,6,0.5617,Green
Dum Dum Park Tarun Dal,14,Clear,7,0.6327,Yellow
Santosh Mitra Square,14,Cloudy,8,0.7981,Yellow
Mohammad Ali Park,14,Light Rain,8,0.7796,Yellow
Jodhpur Park,14,Heavy Rain,6,0.6303,Green
Chetla Agrani Club,14,Clear,8,0.7398,Yellow
Mudiali Club,14,Cloudy,7,0.6698,Yellow
Singhi Park Sarbojanin,14,Light Rain,7,0.6527,Yellow
Ballygunge Cultural Association,14,Heavy Rain,8,0.7988,Green
Kashi Bose Lane,14,Clear,7,0.6763,Yellow
Ahiritola Sarbojanin,14,Cloudy,7,0.6554,Yellow
Behala Nutan Dal,14,Light Rain,7,0.657,Green
Tala Pratyay,14,Heavy Rain,8,0.7867,Green
Maniktala Chaltabagan,14,Clear,7,0.6737,Yellow
Hatibagan Sarbojanin,14,Cloudy,8,0.7695,Yellow
Bagbazar Sarbojanin,15,Light Rain,9,0.902,Yellow
College Square,15,Heavy Rain,9,0.8378,Green
Deshapriya Park,15,Clear,8,0.8075,Yellow
Kumartuli Park,15,Cloudy,7,0.7318,Yellow
Suruchi Sangha,15,Light Rain,8,0.79,Yellow
Sreebhumi Sporting Club,15,Heavy Rain,9,0.9058,Green
Ekdalia Evergreen,15,Clear,7,0.6905,Yellow
Tridhara Sammilani,15,Cloudy,6,0.5743,Yellow
Badamtala Ashar Sangha,15,Light Rain,7,0.7083,Yellow
Naktala Udayan Sangha,15,Heavy Rain,6,0.5849,Green
Bosepukur Sitala Mandir,15,Clear,6,0.5917,Yellow
Dum Dum Park Tarun Dal,15,Cloudy,7,0.7037,Yellow
Santosh Mitra Square,15,Light Rain,8,0.7531,Yellow
Mohammad Ali Park,15,Heavy Rain,8,0.7337,Green
Jodhpur Park,15,Clear,6,0.6551,Yellow
Chetla Agrani Club,15,Cloudy,8,0.806,Yellow
Mudiali Club,15,Light Rain,7,0.7011,Yellow
Singhi Park Sarbojanin,15,Heavy Rain,7,0.6725,Green
Ballygunge Cultural Association,15,Clear,8,0.8069,Yellow
Kashi Bose Lane,15,Cloudy,7,0.6718,Yellow
Ahiritola Sarbojanin,15,Light Rain,7,0.7137,Yellow
Behala Nutan Dal,15,Heavy Rain,7,0.7081,Green
Tala Pratyay,15,Clear,8,0.8031,Yellow
Maniktala Chaltabagan,15,Cloudy,7,0.7106,Yellow
Hatibagan Sarbojanin,15,Light Rain,8,0.7814,Yellow
Bagbazar Sarbojanin,16,Heavy Rain,9,0.8842,Green
College Square,16,Clear,9,0.9152,Yellow
Deshapriya Park,16,Cloudy,8,0.7508,Yellow
Kumartuli Park,16,Light Rain,7,0.6967,Green
Suruchi Sangha,16,Heavy Rain,8,0.8416,Green
Sreebhumi Sporting Club,16,Clear,9,0.8557,Yellow
Ekdalia Evergreen,16,Cloudy,7,0.7231,Yellow
Tridhara Sammilani,16,Light Rain,6,0.6557,Green
Badamtala Ashar Sangha,16,Heavy Rain,7,0.699,Green
Naktala Udayan Sangha,16,Clear,6,0.6204,Yellow
Bosepukur Sitala Mandir,16,Cloudy,6,0.6005,Yellow
Dum Dum Park Tarun Dal,16,Light Rain,7,0.7045,Yellow
Santosh Mitra Square,16,Heavy Rain,8,0.7533,Green
Mohammad Ali Park,16,Clear,8,0.8198,Yellow
Jodhpur Park,16,Cloudy,6,0.6072,Yellow
Chetla Agrani Club,16,Light Rain,8,0.8458,Yellow
Mudiali Club,16,Heavy Rain,7,0.7231,Green
Singhi Park Sarbojanin,16,Clear,7,0.704,Yellow
Ballygunge Cultural Association,16,Cloudy,8,0.7838,Yellow
Kashi Bose Lane,16,Light Rain,7,0.6652,Yellow
Ahiritola Sarbojanin,16,Heavy Rain,7,0.7323,Green
Behala Nutan Dal,16,Clear,7,0.7671,Yellow
Tala Pratyay,16,Cloudy,8,0.7517,Yellow
Maniktala Chaltabagan,16,Light Rain,7,0.7231,Yellow
Hatibagan Sarbojanin,16,Heavy Rain,8,0.8036,Green
Bagbazar Sarbojanin,17,Clear,9,0.9268,Yellow
College Square,17,Cloudy,9,0.9406,Yellow
Deshapriya Park,17,Light Rain,8,0.8128,Yellow
Kumartuli Park,17,Heavy Rain,7,0.6827,Green
Suruchi Sangha,17,Clear,8,0.7789,Yellow
Sreebhumi Sporting Club,17,Cloudy,9,0.8494,Yellow
Ekdalia Evergreen,17,Light Rain,7,0.7096,Yellow
Tridhara Sammilani,17,Heavy Rain,6,0.5892,Green
Badamtala Ashar Sangha,17,Clear,7,0.7338,Yellow
Naktala Udayan Sangha,17,Cloudy,6,0.6186,Yellow
Bosepukur Sitala Mandir,17,Light Rain,6,0.588,Green
Dum Dum Park Tarun Dal,17,Heavy Rain,7,0.6308,Green
Santosh Mitra Square,17,Clear,8,0.802,Yellow
Mohammad Ali Park,17,Cloudy,8,0.7988,Yellow
Jodhpur Park,17,Light Rain,6,0.5245,Green
Chetla Agrani Club,17,Heavy Rain,8,0.8143,Green
Mudiali Club,17,Clear,7,0.6596,Yellow
Singhi Park Sarbojanin,17,Cloudy,7,0.7358,Yellow
Ballygunge Cultural Association,17,Light Rain,8,0.7967,Yellow
Kashi Bose Lane,17,Heavy Rain,7,0.678,Green
Ahiritola Sarbojanin,17,Clear,7,0.7068,Yellow
Behala Nutan Dal,17,Cloudy,7,0.7046,Yellow
Tala Pratyay,17,Light Rain,8,0.8033,Yellow
Maniktala Chaltabagan,17,Heavy Rain,7,0.7305,Green
Hatibagan Sarbojanin,17,Clear,8,0.7367,Yellow
Bagbazar Sarbojanin,18,Cloudy,9,0.909,Red
College Square,18,Light Rain,9,0.875,Yellow
Deshapriya Park,18,Heavy Rain,8,0.7902,Yellow
Kumartuli Park,18,Clear,7,0.749,Yellow
Suruchi Sangha,18,Cloudy,8,0.7721,Red
Sreebhumi Sporting Club,18,Light Rain,9,0.9137,Yellow
Ekdalia Evergreen,18,Heavy Rain,7,0.7319,Green
Tridhara Sammilani,18,Clear,6,0.6171,Yellow
Badamtala Ashar Sangha,18,Cloudy,7,0.7022,Yellow
Naktala Udayan Sangha,18,Light Rain,6,0.6075,Yellow
Bosepukur Sitala Mandir,18,Heavy Rain,6,0.6194,Green
Dum Dum Park Tarun Dal,18,Clear,7,0.6717,Red
Santosh Mitra Square,18,Cloudy,8,0.799,Red
Mohammad Ali Park,18,Light Rain,8,0.8772,Yellow
Jodhpur Park,18,Heavy Rain,6,0.6148,Green
Chetla Agrani Club,18,Clear,8,0.8034,Red
Mudiali Club,18,Cloudy,7,0.6868,Yellow
Singhi Park Sarbojanin,18,Light Rain,7,0.672,Yellow
Ballygunge Cultural Association,18,Heavy Rain,8,0.8087,Yellow
Kashi Bose Lane,18,Clear,7,0.7112,Red
Ahiritola Sarbojanin,18,Cloudy,7,0.6967,Yellow
Behala Nutan Dal,18,Light Rain,7,0.7946,Yellow
Tala Pratyay,18,Heavy Rain,8,0.7748,Green
Maniktala Chaltabagan,18,Clear,7,0.667,Red
Hatibagan Sarbojanin,18,Cloudy,8,0.7872,Red
Bagbazar Sarbojanin,19,Light Rain,9,0.8978,Yellow
College Square,19,Heavy Rain,9,0.8704,Yellow
Deshapriya Park,19,Clear,8,0.8079,Red
Kumartuli Park,19,Cloudy,7,0.7116,Yellow
Suruchi Sangha,19,Light Rain,8,0.8237,Yellow
Sreebhumi Sporting Club,19,Heavy Rain,9,0.8817,Yellow
Ekdalia Evergreen,19,Clear,7,0.7455,Red
Tridhara Sammilani,19,Cloudy,6,0.6212,Yellow
Badamtala Ashar Sangha,19,Light Rain,7,0.7984,Yellow
Naktala Udayan Sangha,19,Heavy Rain,6,0.5742,Green
Bosepukur Sitala Mandir,19,Clear,6,0.5702,Yellow
Dum Dum Park Tarun Dal,19,Cloudy,7,0.6895,Yellow
Santosh Mitra Square,19,Light Rain,8,0.8117,Yellow
Mohammad Ali Park,19,Heavy Rain,8,0.8168,Yellow
Jodhpur Park,19,Clear,6,0.6211,Yellow
Chetla Agrani Club,19,Cloudy,8,0.8742,Red
Mudiali Club,19,Light Rain,7,0.6348,Yellow
Singhi Park Sarbojanin,19,Heavy Rain,7,0.6391,Green
Ballygunge Cultural Association,19,Clear,8,0.7957,Red
Kashi Bose Lane,19,Cloudy,7,0.7704,Yellow
Ahiritola Sarbojanin,19,Light Rain,7,0.7254,Yellow
Behala Nutan Dal,19,Heavy Rain,7,0.665,Green
Tala Pratyay,19,Clear,8,0.8061,Red
Maniktala Chaltabagan,19,Cloudy,7,0.6937,Yellow
Hatibagan Sarbojanin,19,Light Rain,8,0.7925,Yellow
Bagbazar Sarbojanin,20,Heavy Rain,9,0.8811,Yellow
College Square,20,Clear,9,0.9032,Red
Deshapriya Park,20,Cloudy,8,0.8378,Red
Kumartuli Park,20,Light Rain,7,0.684,Yellow
Suruchi Sangha,20,Heavy Rain,8,0.8214,Yellow
Sreebhumi Sporting Club,20,Clear,9,0.9277,Red
Ekdalia Evergreen,20,Cloudy,7,0.7452,Yellow
Tridhara Sammilani,20,Light Rain,6,0.5697,Yellow
Badamtala Ashar Sangha,20,Heavy Rain,7,0.7004,Green
Naktala Udayan Sangha,20,Clear,6,0.5773,Yellow
Bosepukur Sitala Mandir,20,Cloudy,6,0.6032,Yellow
Dum Dum Park Tarun Dal,20,Light Rain,7,0.703,Yellow
Santosh Mitra Square,20,Heavy Rain,8,0.7615,Yellow
Mohammad Ali Park,20,Clear,8,0.8053,Red
Jodhpur Park,20,Cloudy,6,0.6765,Yellow
Chetla Agrani Club,20,Light Rain,8,0.817,Yellow
Mudiali Club,20,Heavy Rain,7,0.655,Green
Singhi Park Sarbojanin,20,Clear,7,0.6677,Yellow
Ballygunge Cultural Association,20,Cloudy,8,0.7986,Red
Kashi Bose Lane,20,Light Rain,7,0.6684,Yellow
Ahiritola Sarbojanin,20,Heavy Rain,7,0.743,Green
Behala Nutan Dal,20,Clear,7,0.6512,Red
Tala Pratyay,20,Cloudy,8,0.8172,Red
Maniktala Chaltabagan,20,Light Rain,7,0.6446,Yellow
Hatibagan Sarbojanin,20,Heavy Rain,8,0.7981,Yellow
Bagbazar Sarbojanin,21,Clear,9,0.8637,Red
College Square,21,Cloudy,9,0.9236,Red
Deshapriya Park,21,Light Rain,8,0.8362,Yellow
Kumartuli Park,21,Heavy Rain,7,0.7116,Green
Suruchi Sangha,21,Clear,8,0.838,Red
Sreebhumi Sporting Club,21,Cloudy,9,0.8168,Red
Ekdalia Evergreen,21,Light Rain,7,0.7048,Yellow
Tridhara Sammilani,21,Heavy Rain,6,0.6167,Green
Badamtala Ashar Sangha,21,Clear,7,0.7213,Yellow
Naktala Udayan Sangha,21,Cloudy,6,0.5354,Yellow
Bosepukur Sitala Mandir,21,Light Rain,6,0.6146,Yellow
Dum Dum Park Tarun Dal,21,Heavy Rain,7,0.7221,Green
Santosh Mitra Square,21,Clear,8,0.8044,Red
Mohammad Ali Park,21,Cloudy,8,0.7553,Red
Jodhpur Park,21,Light Rain,6,0.5809,Yellow
Chetla Agrani Club,21,Heavy Rain,8,0.8432,Yellow
Mudiali Club,21,Clear,7,0.7387,Red
Singhi Park Sarbojanin,21,Cloudy,7,0.716,Yellow
Ballygunge Cultural Association,21,Light Rain,8,0.8244,Yellow
Kashi Bose Lane,21,Heavy Rain,7,0.734,Green
Ahiritola Sarbojanin,21,Clear,7,0.7156,Red
Behala Nutan Dal,21,Cloudy,7,0.7421,Yellow
Tala Pratyay,21,Light Rain,8,0.8408,Yellow
Maniktala Chaltabagan,21,Heavy Rain,7,0.79,Green
Hatibagan Sarbojanin,21,Clear,8,0.7822,Red
Bagbazar Sarbojanin,22,Cloudy,9,0.8828,Yellow
College Square,22,Light Rain,9,0.8033,Yellow
Deshapriya Park,22,Heavy Rain,8,0.8129,Green
Kumartuli Park,22,Clear,7,0.7677,Yellow
Suruchi Sangha,22,Cloudy,8,0.8452,Yellow
Sreebhumi Sporting Club,22,Light Rain,9,0.9289,Yellow
Ekdalia Evergreen,22,Heavy Rain,7,0.7479,Green
Tridhara Sammilani,22,Clear,6,0.6174,Yellow
Badamtala Ashar Sangha,22,Cloudy,7,0.6899,Yellow
Naktala Udayan Sangha,22,Light Rain,6,0.6782,Green
Bosepukur Sitala Mandir,22,Heavy Rain,6,0.6147,Green
Dum Dum Park Tarun Dal,22,Clear,7,0.7399,Yellow
Santosh Mitra Square,22,Cloudy,8,0.7166,Yellow
Mohammad Ali Park,22,Light Rain,8,0.7223,Yellow
Jodhpur Park,22,Heavy Rain,6,0.6059,Green
Chetla Agrani Club,22,Clear,8,0.7684,Yellow
Mudiali Club,22,Cloudy,7,0.7091,Yellow
Singhi Park Sarbojanin,22,Light Rain,7,0.6828,Green
Ballygunge Cultural Association,22,Heavy Rain,8,0.8969,Green
Kashi Bose Lane,22,Clear,7,0.7367,Yellow
Ahiritola Sarbojanin,22,Cloudy,7,0.7518,Yellow
Behala Nutan Dal,22,Light Rain,7,0.6281,Green
Tala Pratyay,22,Heavy Rain,8,0.8284,Green
Maniktala Chaltabagan,22,Clear,7,0.6938,Yellow
Hatibagan Sarbojanin,22,Cloudy,8,0.8526,Yellow
Bagbazar Sarbojanin,23,Light Rain,9,0.9228,Yellow
College Square,23,Heavy Rain,9,0.8987,Green
Deshapriya Park,23,Clear,8,0.7585,Yellow
Kumartuli Park,23,Cloudy,7,0.7053,Yellow
Suruchi Sangha,23,Light Rain,8,0.8423,Yellow
Sreebhumi Sporting Club,23,Heavy Rain,9,0.9549,Green
Ekdalia Evergreen,23,Clear,7,0.6877,Yellow
Tridhara Sammilani,23,Cloudy,6,0.6886,Green
Badamtala Ashar Sangha,23,Light Rain,7,0.7392,Green
Naktala Udayan Sangha,23,Heavy Rain,6,0.5691,Green
Bosepukur Sitala Mandir,23,Clear,6,0.5615,Green
Dum Dum Park Tarun Dal,23,Cloudy,7,0.696,Yellow
Santosh Mitra Square,23,Light Rain,8,0.7876,Green
Mohammad Ali Park,23,Heavy Rain,8,0.8177,Green
Jodhpur Park,23,Clear,6,0.6015,Green
Chetla Agrani Club,23,Cloudy,8,0.7904,Yellow
Mudiali Club,23,Light Rain,7,0.6463,Green
Singhi Park Sarbojanin,23,Heavy Rain,7,0.7239,Green
Ballygunge Cultural Association,23,Clear,8,0.7437,Yellow
Kashi Bose Lane,23,Cloudy,7,0.7393,Yellow
Ahiritola Sarbojanin,23,Light Rain,7,0.6314,Green
Behala Nutan Dal,23,Heavy Rain,7,0.6419,Green
Tala Pratyay,23,Clear,8,0.7689,Yellow
Maniktala Chaltabagan,23,Cloudy,7,0.6845,Yellow
Hatibagan Sarbojanin,23,Light Rain,8,0.7775,Green
Bagbazar Sarbojanin,0,Light Rain,9,0.8844,Green
College Square,0,Heavy Rain,9,0.9098,Green
Deshapriya Park,0,Clear,8,0.7697,Green
Kumartuli Park,0,Cloudy,7,0.7102,Green
Suruchi Sangha,0,Light Rain,8,0.717,Green
Sreebhumi Sporting Club,0,Heavy Rain,9,0.8685,Green
Ekdalia Evergreen,0,Clear,7,0.6404,Green
Tridhara Sammilani,0,Cloudy,6,0.6388,Green
Badamtala Ashar Sangha,0,Light Rain,7,0.6739,Green
Naktala Udayan Sangha,0,Heavy Rain,6,0.6216,Green
Bosepukur Sitala Mandir,0,Clear,6,0.5349,Green
Dum Dum Park Tarun Dal,0,Cloudy,7,0.7542,Green
Santosh Mitra Square,0,Light Rain,8,0.8035,Green
Mohammad Ali Park,0,Heavy Rain,8,0.8737,Green
Jodhpur Park,0,Clear,6,0.5994,Green
Chetla Agrani Club,0,Cloudy,8,0.7467,Green
Mudiali Club,0,Light Rain,7,0.6644,Green
Singhi Park Sarbojanin,0,Heavy Rain,7,0.6915,Green
Ballygunge Cultural Association,0,Clear,8,0.7656,Green
Kashi Bose Lane,0,Cloudy,7,0.7348,Green
Ahiritola Sarbojanin,0,Light Rain,7,0.7025,Green
Behala Nutan Dal,0,Heavy Rain,7,0.666,Green
Tala Pratyay,0,Clear,8,0.8287,Green
Maniktala Chaltabagan,0,Cloudy,7,0.6868,Green
Hatibagan Sarbojanin,0,Light Rain,8,0.8269,Green
Bagbazar Sarbojanin,1,Heavy Rain,9,0.8813,Green
College Square,1,Clear,9,0.9189,Green
Deshapriya Park,1,Cloudy,8,0.7856,Green
Kumartuli Park,1,Light Rain,7,0.7349,Green
Suruchi Sangha,1,Heavy Rain,8,0.7355,Green
Sreebhumi Sporting Club,1,Clear,9,0.8559,Green
Ekdalia Evergreen,1,Cloudy,7,0.6946,Green
Tridhara Sammilani,1,Light Rain,6,0.5754,Green
Badamtala Ashar Sangha,1,Heavy Rain,7,0.6846,Green
Naktala Udayan Sangha,1,Clear,6,0.6232,Green
Bosepukur Sitala Mandir,1,Cloudy,6,0.5839,Green
Dum Dum Park Tarun Dal,1,Light Rain,7,0.7115,Green
Santosh Mitra Square,1,Heavy Rain,8,0.7682,Green
Mohammad Ali Park,1,Clear,8,0.7289,Green
Jodhpur Park,1,Cloudy,6,0.6267,Green
Chetla Agrani Club,1,Light Rain,8,0.8636,Green
Mudiali Club,1,Heavy Rain,7,0.7076,Green
Singhi Park Sarbojanin,1,Clear,7,0.6965,Green
Ballygunge Cultural Association,1,Cloudy,8,0.8037,Green
Kashi Bose Lane,1,Light Rain,7,0.7482,Green
Ahiritola Sarbojanin,1,Heavy Rain,7,0.7285,Green
Behala Nutan Dal,1,Clear,7,0.7268,Green
Tala Pratyay,1,Cloudy,8,0.8382,Green
Maniktala Chaltabagan,1,Light Rain,7,0.6957,Green
Hatibagan Sarbojanin,1,Heavy Rain,8,0.7808,Green
Bagbazar Sarbojanin,2,Clear,9,0.9194,Green
College Square,2,Cloudy,9,0.9353,Green
Deshapriya Park,2,Light Rain,8,0.8426,Green
Kumartuli Park,2,Heavy Rain,7,0.7533,Green
Suruchi Sangha,2,Clear,8,0.8317,Green
Sreebhumi Sporting Club,2,Cloudy,9,0.8789,Green
Ekdalia Evergreen,2,Light Rain,7,0.7076,Green
Tridhara Sammilani,2,Heavy Rain,6,0.6043,Green
Badamtala Ashar Sangha,2,Clear,7,0.7004,Green
Naktala Udayan Sangha,2,Cloudy,6,0.6194,Green
Bosepukur Sitala Mandir,2,Light Rain,6,0.5925,Green
Dum Dum Park Tarun Dal,2,Heavy Rain,7,0.6925,Green
Santosh Mitra Square,2,Clear,8,0.8663,Green
Mohammad Ali Park,2,Cloudy,8,0.7975,Green
Jodhpur Park,2,Light Rain,6,0.6379,Green
Chetla Agrani Club,2,Heavy Rain,8,0.8402,Green
Mudiali Club,2,Clear,7,0.7086,Green
Singhi Park Sarbojanin,2,Cloudy,7,0.6939,Green
Ballygunge Cultural Association,2,Light Rain,8,0.7697,Green
Kashi Bose Lane,2,Heavy Rain,7,0.7215,Green
Ahiritola Sarbojanin,2,Clear,7,0.7168,Green
Behala Nutan Dal,2,Cloudy,7,0.6888,Green
Tala Pratyay,2,Light Rain,8,0.7984,Green
Maniktala Chaltabagan,2,Heavy Rain,7,0.6891,Green
Hatibagan Sarbojanin,2,Clear,8,0.7393,Green
Bagbazar Sarbojanin,3,Cloudy,9,0.8412,Green
College Square,3,Light Rain,9,0.8848,Green
Deshapriya Park,3,Heavy Rain,8,0.8136,Green
Kumartuli Park,3,Clear,7,0.6265,Green
Suruchi Sangha,3,Cloudy,8,0.8502,Green
Sreebhumi Sporting Club,3,Light Rain,9,0.9126,Green
Ekdalia Evergreen,3,Heavy Rain,7,0.7465,Green
Tridhara Sammilani,3,Clear,6,0.6397,Green
Badamtala Ashar Sangha,3,Cloudy,7,0.707,Green
Naktala Udayan Sangha,3,Light Rain,6,0.5367,Green
Bosepukur Sitala Mandir,3,Heavy Rain,6,0.6796,Green
Dum Dum Park Tarun Dal,3,Clear,7,0.7516,Green
Santosh Mitra Square,3,Cloudy,8,0.7974,Green
Mohammad Ali Park,3,Light Rain,8,0.7714,Green
Jodhpur Park,3,Heavy Rain,6,0.6443,Green
Chetla Agrani Club,3,Clear,8,0.7653,Green
Mudiali Club,3,Cloudy,7,0.697,Green
Singhi Park Sarbojanin,3,Light Rain,7,0.7161,Green
Ballygunge Cultural Association,3,Heavy Rain,8,0.8029,Green
Kashi Bose Lane,3,Clear,7,0.7108,Green
Ahiritola Sarbojanin,3,Cloudy,7,0.6708,Green
Behala Nutan Dal,3,Light Rain,7,0.7164,Green
Tala Pratyay,3,Heavy Rain,8,0.7437,Green
Maniktala Chaltabagan,3,Clear,7,0.7433,Green
Hatibagan Sarbojanin,3,Cloudy,8,0.733,Green
Bagbazar Sarbojanin,4,Light Rain,9,0.881,Green
College Square,4,Heavy Rain,9,0.8969,Green
Deshapriya Park,4,Clear,8,0.8413,Green
Kumartuli Park,4,Cloudy,7,0.6653,Green
Suruchi Sangha,4,Light Rain,8,0.829,Green
Sreebhumi Sporting Club,4,Heavy Rain,9,0.8416,Green
Ekdalia Evergreen,4,Clear,7,0.6789,Green
Tridhara Sammilani,4,Cloudy,6,0.535,Green
Badamtala Ashar Sangha,4,Light Rain,7,0.6997,Green
Naktala Udayan Sangha,4,Heavy Rain,6,0.573,Green
Bosepukur Sitala Mandir,4,Clear,6,0.576,Green
Dum Dum Park Tarun Dal,4,Cloudy,7,0.7538,Green
Santosh Mitra Square,4,Light Rain,8,0.7807,Green
Mohammad Ali Park,4,Heavy Rain,8,0.8474,Green
Jodhpur Park,4,Clear,6,0.5714,Green
Chetla Agrani Club,4,Cloudy,8,0.8032,Green
Mudiali Club,4,Light Rain,7,0.6981,Green
Singhi Park Sarbojanin,4,Heavy Rain,7,0.7399,Green
Ballygunge Cultural Association,4,Clear,8,0.7885,Green
Kashi Bose Lane,4,Cloudy,7,0.7233,Green
Ahiritola Sarbojanin,4,Light Rain,7,0.7206,Green
Behala Nutan Dal,4,Heavy Rain,7,0.6661,Green
Tala Pratyay,4,Clear,8,0.8506,Green
Maniktala Chaltabagan,4,Cloudy,7,0.7574,Green
Hatibagan Sarbojanin,4,Light Rain,8,0.8102,Green
Bagbazar Sarbojanin,5,Heavy Rain,9,0.863,Green
College Square,5,Clear,9,0.945,Green
Deshapriya Park,5,Cloudy,8,0.7993,Green
Kumartuli Park,5,Light Rain,7,0.7094,Green
Suruchi Sangha,5,Heavy Rain,8,0.7937,Green
Sreebhumi Sporting Club,5,Clear,9,0.8647,Green
Ekdalia Evergreen,5,Cloudy,7,0.6878,Green
Tridhara Sammilani,5,Light Rain,6,0.5852,Green
Badamtala Ashar Sangha,5,Heavy Rain,7,0.686,Green
Naktala Udayan Sangha,5,Clear,6,0.5993,Green
Bosepukur Sitala Mandir,5,Cloudy,6,0.6242,Green
Dum Dum Park Tarun Dal,5,Light Rain,7,0.6837,Green
Santosh Mitra Square,5,Heavy Rain,8,0.7916,Green
Mohammad Ali Park,5,Clear,8,0.8548,Green
Jodhpur Park,5,Cloudy,6,0.5379,Green
Chetla Agrani Club,5,Light Rain,8,0.8432,Green
Mudiali Club,5,Heavy Rain,7,0.7348,Green
Singhi Park Sarbojanin,5,Clear,7,0.648,Green
Ballygunge Cultural Association,5,Cloudy,8,0.7385,Green
Kashi Bose Lane,5,Light Rain,7,0.745,Green
Ahiritola Sarbojanin,5,Heavy Rain,7,0.6552,Green
Behala Nutan Dal,5,Clear,7,0.6978,Green
Tala Pratyay,5,Cloudy,8,0.849,Green
Maniktala Chaltabagan,5,Light Rain,7,0.7173,Green
Hatibagan Sarbojanin,5,Heavy Rain,8,0.8138,Green
Bagbazar Sarbojanin,6,Clear,9,0.93,Green
College Square,6,Cloudy,9,0.9292,Green
Deshapriya Park,6,Light Rain,8,0.8074,Green
Kumartuli Park,6,Heavy Rain,7,0.714,Green
Suruchi Sangha,6,Clear,8,0.8106,Green
Sreebhumi Sporting Club,6,Cloudy,9,0.8982,Green
Ekdalia Evergreen,6,Light Rain,7,0.6974,Green
Tridhara Sammilani,6,Heavy Rain,6,0.5951,Green
Badamtala Ashar Sangha,6,Clear,7,0.704,Green
Naktala Udayan Sangha,6,Cloudy,6,0.6364,Green
Bosepukur Sitala Mandir,6,Light Rain,6,0.6061,Green
Dum Dum Park Tarun Dal,6,Heavy Rain,7,0.6393,Green
Santosh Mitra Square,6,Clear,8,0.7795,Green
Mohammad Ali Park,6,Cloudy,8,0.7683,Green
Jodhpur Park,6,Light Rain,6,0.6644,Green
Chetla Agrani Club,6,Heavy Rain,8,0.7591,Green
Mudiali Club,6,Clear,7,0.7605,Green
Singhi Park Sarbojanin,6,Cloudy,7,0.6991,Green
Ballygunge Cultural Association,6,Light Rain,8,0.7669,Green
Kashi Bose Lane,6,Heavy Rain,7,0.786,Green
Ahiritola Sarbojanin,6,Clear,7,0.6701,Green
Behala Nutan Dal,6,Cloudy,7,0.6709,Green
Tala Pratyay,6,Light Rain,8,0.8357,Green
Maniktala Chaltabagan,6,Heavy Rain,7,0.7366,Green
Hatibagan Sarbojanin,6,Clear,8,0.7942,Green
Bagbazar Sarbojanin,7,Cloudy,9,0.9137,Green
College Square,7,Light Rain,9,0.8433,Green
Deshapriya Park,7,Heavy Rain,8,0.8378,Green
Kumartuli Park,7,Clear,7,0.7224,Green
Suruchi Sangha,7,Cloudy,8,0.8263,Green
Sreebhumi Sporting Club,7,Light Rain,9,0.8757,Green
Ekdalia Evergreen,7,Heavy Rain,7,0.6813,Green
Tridhara Sammilani,7,Clear,6,0.581,Green
Badamtala Ashar Sangha,7,Cloudy,7,0.6363,Green
Naktala Udayan Sangha,7,Light Rain,6,0.6289,Green
Bosepukur Sitala Mandir,7,Heavy Rain,6,0.6339,Green
Dum Dum Park Tarun Dal,7,Clear,7,0.6914,Green
Santosh Mitra Square,7,Cloudy,8,0.785,Green
Mohammad Ali Park,7,Light Rain,8,0.8195,Green
Jodhpur Park,7,Heavy Rain,6,0.6163,Green
Chetla Agrani Club,7,Clear,8,0.8527,Green
Mudiali Club,7,Cloudy,7,0.7175,Green
Singhi Park Sarbojanin,7,Light Rain,7,0.7135,Green
Ballygunge Cultural Association,7,Heavy Rain,8,0.8004,Green
Kashi Bose Lane,7,Clear,7,0.6798,Green
Ahiritola Sarbojanin,7,Cloudy,7,0.7518,Green
Behala Nutan Dal,7,Light Rain,7,0.6725,Green
Tala Pratyay,7,Heavy Rain,8,0.8385,Green
Maniktala Chaltabagan,7,Clear,7,0.7196,Green
Hatibagan Sarbojanin,7,Cloudy,8,0.8201,Green
Bagbazar Sarbojanin,8,Light Rain,9,0.8909,Green
College Square,8,Heavy Rain,9,0.9306,Green
Deshapriya Park,8,Clear,8,0.7701,Green
Kumartuli Park,8,Cloudy,7,0.7604,Green
Suruchi Sangha,8,Light Rain,8,0.8097,Green
Sreebhumi Sporting Club,8,Heavy Rain,9,0.8778,Green
Ekdalia Evergreen,8,Clear,7,0.6853,Green
Tridhara Sammilani,8,Cloudy,6,0.6003,Green
Badamtala Ashar Sangha,8,Light Rain,7,0.6488,Green
Naktala Udayan Sangha,8,Heavy Rain,6,0.6264,Green
Bosepukur Sitala Mandir,8,Clear,6,0.5461,Green
Dum Dum Park Tarun Dal,8,Cloudy,7,0.7237,Green
Santosh Mitra Square,8,Light Rain,8,0.8003,Green
Mohammad Ali Park,8,Heavy Rain,8,0.8645,Green
Jodhpur Park,8,Clear,6,0.5417,Green
Chetla Agrani Club,8,Cloudy,8,0.768,Green
Mudiali Club,8,Light Rain,7,0.734,Green
Singhi Park Sarbojanin,8,Heavy Rain,7,0.7173,Green
Ballygunge Cultural Association,8,Clear,8,0.8194,Green
Kashi Bose Lane,8,Cloudy,7,0.7419,Green
Ahiritola Sarbojanin,8,Light Rain,7,0.6941,Green
Behala Nutan Dal,8,Heavy Rain,7,0.7203,Green
Tala Pratyay,8,Clear,8,0.7767,Green
Maniktala Chaltabagan,8,Cloudy,7,0.6801,Green
Hatibagan Sarbojanin,8,Light Rain,8,0.8275,Green
Bagbazar Sarbojanin,9,Heavy Rain,9,0.8946,Green
College Square,9,Clear,9,0.9479,Green
Deshapriya Park,9,Cloudy,8,0.7712,Green
Kumartuli Park,9,Light Rain,7,0.6979,Green
Suruchi Sangha,9,Heavy Rain,8,0.7881,Green
Sreebhumi Sporting Club,9,Clear,9,0.8486,Green
Ekdalia Evergreen,9,Cloudy,7,0.6726,Green
Tridhara Sammilani,9,Light Rain,6,0.562,Green
Badamtala Ashar Sangha,9,Heavy Rain,7,0.7179,Green
Naktala Udayan Sangha,9,Clear,6,0.6023,Green
Bosepukur Sitala Mandir,9,Cloudy,6,0.5355,Green
Dum Dum Park Tarun Dal,9,Light Rain,7,0.6624,Green
Santosh Mitra Square,9,Heavy Rain,8,0.8041,Green
Mohammad Ali Park,9,Clear,8,0.7537,Green
Jodhpur Park,9,Cloudy,6,0.5709,Green
Chetla Agrani Club,9,Light Rain,8,0.8107,Green
Mudiali Club,9,Heavy Rain,7,0.7263,Green
Singhi Park Sarbojanin,9,Clear,7,0.6999,Green
Ballygunge Cultural Association,9,Cloudy,8,0.8179,Green
Kashi Bose Lane,9,Light Rain,7,0.6861,Green
Ahiritola Sarbojanin,9,Heavy Rain,7,0.6714,Green
Behala Nutan Dal,9,Clear,7,0.6967,Green
Tala Pratyay,9,Cloudy,8,0.7768,Green
Maniktala Chaltabagan,9,Light Rain,7,0.7343,Green
Hatibagan Sarbojanin,9,Heavy Rain,8,0.7698,Green
Bagbazar Sarbojanin,10,Clear,9,0.8804,Yellow
College Square,10,Cloudy,9,0.9357,Yellow
Deshapriya Park,10,Light Rain,8,0.7857,Green
Kumartuli Park,10,Heavy Rain,7,0.74,Green
Suruchi Sangha,10,Clear,8,0.758,Yellow
Sreebhumi Sporting Club,10,Cloudy,9,0.883,Yellow
Ekdalia Evergreen,10,Light Rain,7,0.7,Green
Tridhara Sammilani,10,Heavy Rain,6,0.6125,Green
Badamtala Ashar Sangha,10,Clear,7,0.7552,Yellow
Naktala Udayan Sangha,10,Cloudy,6,0.5643,Green
Bosepukur Sitala Mandir,10,Light Rain,6,0.5747,Green
Dum Dum Park Tarun Dal,10,Heavy Rain,7,0.6554,Green
Santosh Mitra Square,10,Clear,8,0.7763,Yellow
Mohammad Ali Park,10,Cloudy,8,0.828,Yellow
Jodhpur Park,10,Light Rain,6,0.5527,Green
Chetla Agrani Club,10,Heavy Rain,8,0.7739,Green
Mudiali Club,10,Clear,7,0.7412,Yellow
Singhi Park Sarbojanin,10,Cloudy,7,0.6736,Green
Ballygunge Cultural Association,10,Light Rain,8,0.7382,Green
Kashi Bose Lane,10,Heavy Rain,7,0.686,Green
Ahiritola Sarbojanin,10,Clear,7,0.7575,Yellow
Behala Nutan Dal,10,Cloudy,7,0.7009,Green
Tala Pratyay,10,Light Rain,8,0.7954,Green
Maniktala Chaltabagan,10,Heavy Rain,7,0.756,Green
Hatibagan Sarbojanin,10,Clear,8,0.8254,Yellow
Bagbazar Sarbojanin,11,Cloudy,9,0.8591,Yellow
College Square,11,Light Rain,9,0.8897,Green
Deshapriya Park,11,Heavy Rain,8,0.7255,Green
Kumartuli Park,11,Clear,7,0.7186,Yellow
Suruchi Sangha,11,Cloudy,8,0.8065,Yellow
Sreebhumi Sporting Club,11,Light Rain,9,0.8556,Green
Ekdalia Evergreen,11,Heavy Rain,7,0.7107,Green
Tridhara Sammilani,11,Clear,6,0.601,Green
Badamtala Ashar Sangha,11,Cloudy,7,0.7493,Green
Naktala Udayan Sangha,11,Light Rain,6,0.6711,Green
Bosepukur Sitala Mandir,11,Heavy Rain,6,0.636,Green
Dum Dum Park Tarun Dal,11,Clear,7,0.6989,Yellow
Santosh Mitra Square,11,Cloudy,8,0.8042,Yellow
Mohammad Ali Park,11,Light Rain,8,0.7726,Green
Jodhpur Park,11,Heavy Rain,6,0.5786,Green
Chetla Agrani Club,11,Clear,8,0.7969,Yellow
Mudiali Club,11,Cloudy,7,0.6932,Green
Singhi Park Sarbojanin,11,Light Rain,7,0.6538,Green
Ballygunge Cultural Association,11,Heavy Rain,8,0.8074,Green
Kashi Bose Lane,11,Clear,7,0.7078,Yellow
Ahiritola Sarbojanin,11,Cloudy,7,0.7224,Yellow
Behala Nutan Dal,11,Light Rain,7,0.6979,Green
Tala Pratyay,11,Heavy Rain,8,0.783,Green
Maniktala Chaltabagan,11,Clear,7,0.6576,Yellow
Hatibagan Sarbojanin,11,Cloudy,8,0.8287,Yellow
Bagbazar Sarbojanin,12,Light Rain,9,0.9437,Yellow
College Square,12,Heavy Rain,9,0.9688,Green
Deshapriya Park,12,Clear,8,0.7907,Yellow
Kumartuli Park,12,Cloudy,7,0.6309,Green
Suruchi Sangha,12,Light Rain,8,0.7905,Green
Sreebhumi Sporting Club,12,Heavy Rain,9,0.9826,Green
Ekdalia Evergreen,12,Clear,7,0.6853,Yellow
Tridhara Sammilani,12,Cloudy,6,0.6346,Green
Badamtala Ashar Sangha,12,Light Rain,7,0.6779,Green
Naktala Udayan Sangha,12,Heavy Rain,6,0.6133,Green
Bosepukur Sitala Mandir,12,Clear,6,0.5571,Green
Dum Dum Park Tarun Dal,12,Cloudy,7,0.7141,Green
Santosh Mitra Square,12,Light Rain,8,0.794,Green
Mohammad Ali Park,12,Heavy Rain,8,0.8258,Green
Jodhpur Park,12,Clear,6,0.5706,Green
Chetla Agrani Club,12,Cloudy,8,0.7965,Yellow
Mudiali Club,12,Light Rain,7,0.657,Green
Singhi Park Sarbojanin,12,Heavy Rain,7,0.7382,Green
Ballygunge Cultural Association,12,Clear,8,0.8049,Yellow
Kashi Bose Lane,12,Cloudy,7,0.6708,Green
Ahiritola Sarbojanin,12,Light Rain,7,0.7441,Green
Behala Nutan Dal,12,Heavy Rain,7,0.6689,Green
Tala Pratyay,12,Clear,8,0.807,Yellow
Maniktala Chaltabagan,12,Cloudy,7,0.717,Green
Hatibagan Sarbojanin,12,Light Rain,8,0.8311,Green
Bagbazar Sarbojanin,13,Heavy Rain,9,0.9349,Green
College Square,13,Clear,9,0.8684,Yellow
Deshapriya Park,13,Cloudy,8,0.7842,Yellow
Kumartuli Park,13,Light Rain,7,0.6845,Green
Suruchi Sangha,13,Heavy Rain,8,0.7765,Green
Sreebhumi Sporting Club,13,Clear,9,0.9412,Yellow
Ekdalia Evergreen,13,Cloudy,7,0.7865,Green
Tridhara Sammilani,13,Light Rain,6,0.5898,Green
Badamtala Ashar Sangha,13,Heavy Rain,7,0.709,Green
Naktala Udayan Sangha,13,Clear,6,0.6727,Green
Bosepukur Sitala Mandir,13,Cloudy,6,0.6301,Green
Dum Dum Park Tarun Dal,13,Light Rain,7,0.645,Green
Santosh Mitra Square,13,Heavy Rain,8,0.8444,Green
Mohammad Ali Park,13,Clear,8,0.7997,Yellow
Jodhpur Park,13,Cloudy,6,0.5559,Green
Chetla Agrani Club,13,Light Rain,8,0.7837,Green
Mudiali Club,13,Heavy Rain,7,0.708,Green
Singhi Park Sarbojanin,13,Clear,7,0.6835,Yellow
Ballygunge Cultural Association,13,Cloudy,8,0.7593,Yellow
Kashi Bose Lane,13,Light Rain,7,0.7054,Green
Ahiritola Sarbojanin,13,Heavy Rain,7,0.7433,Green
Behala Nutan Dal,13,Clear,7,0.7328,Yellow
Tala Pratyay,13,Cloudy,8,0.8639,Yellow
Maniktala Chaltabagan,13,Light Rain,7,0.7465,Green
Hatibagan Sarbojanin,13,Heavy Rain,8,0.8705,Green
Bagbazar Sarbojanin,14,Clear,9,0.8644,Yellow
College Square,14,Cloudy,9,0.9273,Yellow
Deshapriya Park,14,Light Rain,8,0.7975,Yellow
Kumartuli Park,14,Heavy Rain,7,0.7265,Green
Suruchi Sangha,14,Clear,8,0.7547,Yellow
Sreebhumi Sporting Club,14,Cloudy,9,0.9082,Yellow
Ekdalia Evergreen,14,Light Rain,7,0.7566,Yellow
Tridhara Sammilani,14,Heavy Rain,6,0.6101,Green
Badamtala Ashar Sangha,14,Clear,7,0.6767,Yellow
Naktala Udayan Sangha,14,Cloudy,6,0.5712,Yellow
Bosepukur Sitala Mandir,14,Light Rain,6,0.6117,Green
Dum Dum Park Tarun Dal,14,Heavy Rain,7,0.7241,Green
Santosh Mitra Square,14,Clear,8,0.8085,Yellow
Mohammad Ali Park,14,Cloudy,8,0.7985,Yellow
Jodhpur Park,14,Light Rain,6,0.5746,Green
Chetla Agrani Club,14,Heavy Rain,8,0.8234,Green
Mudiali Club,14,Clear,7,0.7018,Yellow
Singhi Park Sarbojanin,14,Cloudy,7,0.6816,Yellow
Ballygunge Cultural Association,14,Light Rain,8,0.8443,Yellow
Kashi Bose Lane,14,Heavy Rain,7,0.7188,Green
Ahiritola Sarbojanin,14,Clear,7,0.6934,Yellow
Behala Nutan Dal,14,Cloudy,7,0.692,Yellow
Tala Pratyay,14,Light Rain,8,0.7861,Yellow
Maniktala Chaltabagan,14,Heavy Rain,7,0.7292,Green
Hatibagan Sarbojanin,14,Clear,8,0.8622,Yellow
Bagbazar Sarbojanin,15,Cloudy,9,0.9095,Yellow
College Square,15,Light Rain,9,0.9146,Yellow
Deshapriya Park,15,Heavy Rain,8,0.7787,Green
Kumartuli Park,15,Clear,7,0.7935,Yellow
Suruchi Sangha,15,Cloudy,8,0.749,Yellow
Sreebhumi Sporting Club,15,Light Rain,9,0.8982,Yellow
Ekdalia Evergreen,15,Heavy Rain,7,0.7194,Green
Tridhara Sammilani,15,Clear,6,0.5774,Yellow
Badamtala Ashar Sangha,15,Cloudy,7,0.6693,Yellow
Naktala Udayan Sangha,15,Light Rain,6,0.5679,Green
Bosepukur Sitala Mandir,15,Heavy Rain,6,0.6372,Green
Dum Dum Park Tarun Dal,15,Clear,7,0.7342,Yellow
Santosh Mitra Square,15,Cloudy,8,0.8272,Yellow
Mohammad Ali Park,15,Light Rain,8,0.8302,Yellow
Jodhpur Park,15,Heavy Rain,6,0.6219,Green
Chetla Agrani Club,15,Clear,8,0.7655,Yellow
Mudiali Club,15,Cloudy,7,0.6751,Yellow
Singhi Park Sarbojanin,15,Light Rain,7,0.7242,Yellow
Ballygunge Cultural Association,15,Heavy Rain,8,0.7657,Green
Kashi Bose Lane,15,Clear,7,0.6875,Yellow
Ahiritola Sarbojanin,15,Cloudy,7,0.6502,Yellow
Behala Nutan Dal,15,Light Rain,7,0.703,Yellow
Tala Pratyay,15,Heavy Rain,8,0.7959,Green
Maniktala Chaltabagan,15,Clear,7,0.6544,Yellow
Hatibagan Sarbojanin,15,Cloudy,8,0.8359,Yellow
Bagbazar Sarbojanin,16,Light Rain,9,0.8799,Yellow
College Square,16,Heavy Rain,9,0.8893,Green
Deshapriya Park,16,Clear,8,0.815,Yellow
Kumartuli Park,16,Cloudy,7,0.7168,Yellow
Suruchi Sangha,16,Light Rain,8,0.8357,Yellow
Sreebhumi Sporting Club,16,Heavy Rain,9,0.9014,Green
Ekdalia Evergreen,16,Clear,7,0.7246,Yellow
Tridhara Sammilani,16,Cloudy,6,0.6356,Yellow
Badamtala Ashar Sangha,16,Light Rain,7,0.6539,Yellow
Naktala Udayan Sangha,16,Heavy Rain,6,0.6782,Green
Bosepukur Sitala Mandir,16,Clear,6,0.6499,Yellow
Dum Dum Park Tarun Dal,16,Cloudy,7,0.6418,Yellow
Santosh Mitra Square,16,Light Rain,8,0.8089,Yellow
Mohammad Ali Park,16,Heavy Rain,8,0.768,Green
Jodhpur Park,16,Clear,6,0.6215,Yellow
Chetla Agrani Club,16,Cloudy,8,0.7843,Yellow
Mudiali Club,16,Light Rain,7,0.6624,Yellow
Singhi Park Sarbojanin,16,Heavy Rain,7,0.683,Green
Ballygunge Cultural Association,16,Clear,8,0.8384,Yellow
Kashi Bose Lane,16,Cloudy,7,0.7318,Yellow
Ahiritola Sarbojanin,16,Light Rain,7,0.739,Yellow
Behala Nutan Dal,16,Heavy Rain,7,0.7091,Green
Tala Pratyay,16,Clear,8,0.817,Yellow
Maniktala Chaltabagan,16,Cloudy,7,0.6705,Yellow
Hatibagan Sarbojanin,16,Light Rain,8,0.8305,Yellow
Bagbazar Sarbojanin,17,Heavy Rain,9,0.9402,Green
College Square,17,Clear,9,0.8508,Yellow
Deshapriya Park,17,Cloudy,8,0.787,Yellow
Kumartuli Park,17,Light Rain,7,0.6773,Yellow
Suruchi Sangha,17,Heavy Rain,8,0.7693,Green
Sreebhumi Sporting Club,17,Clear,9,0.9038,Yellow
Ekdalia Evergreen,17,Cloudy,7,0.7116,Yellow
Tridhara Sammilani,17,Light Rain,6,0.5828,Green
Badamtala Ashar Sangha,17,Heavy Rain,7,0.6038,Green
Naktala Udayan Sangha,17,Clear,6,0.589,Yellow
Bosepukur Sitala Mandir,17,Cloudy,6,0.6379,Yellow
Dum Dum Park Tarun Dal,17,Light Rain,7,0.6938,Yellow
Santosh Mitra Square,17,Heavy Rain,8,0.7329,Green
Mohammad Ali Park,17,Clear,8,0.8336,Yellow
Jodhpur Park,17,Cloudy,6,0.5732,Yellow
Chetla Agrani Club,17,Light Rain,8,0.861,Yellow
Mudiali Club,17,Heavy Rain,7,0.6805,Green
Singhi Park Sarbojanin,17,Clear,7,0.6741,Yellow
Ballygunge Cultural Association,17,Cloudy,8,0.7524,Yellow
Kashi Bose Lane,17,Light Rain,7,0.6858,Yellow
Ahiritola Sarbojanin,17,Heavy Rain,7,0.6924,Green
Behala Nutan Dal,17,Clear,7,0.6827,Yellow
Tala Pratyay,17,Cloudy,8,0.7796,Yellow
Maniktala Chaltabagan,17,Light Rain,7,0.7155,Yellow
Hatibagan Sarbojanin,17,Heavy Rain,8,0.7846,Green
Bagbazar Sarbojanin,18,Clear,9,0.9193,Red
College Square,18,Cloudy,9,0.9329,Red
Deshapriya Park,18,Light Rain,8,0.9081,Yellow
Kumartuli Park,18,Heavy Rain,7,0.717,Green
Suruchi Sangha,18,Clear,8,0.7647,Red
Sreebhumi Sporting Club,18,Cloudy,9,0.8823,Red
Ekdalia Evergreen,18,Light Rain,7,0.6939,Yellow
Tridhara Sammilani,18,Heavy Rain,6,0.6381,Green
Badamtala Ashar Sangha,18,Clear,7,0.6943,Red
Naktala Udayan Sangha,18,Cloudy,6,0.6397,Yellow
Bosepukur Sitala Mandir,18,Light Rain,6,0.5438,Yellow
Dum Dum Park Tarun Dal,18,Heavy Rain,7,0.7058,Green
Santosh Mitra Square,18,Clear,8,0.8319,Red
Mohammad Ali Park,18,Cloudy,8,0.8205,Red
Jodhpur Park,18,Light Rain,6,0.5764,Yellow
Chetla Agrani Club,18,Heavy Rain,8,0.8007,Yellow
Mudiali Club,18,Clear,7,0.634,Red
Singhi Park Sarbojanin,18,Cloudy,7,0.702,Yellow
Ballygunge Cultural Association,18,Light Rain,8,0.7914,Yellow
Kashi Bose Lane,18,Heavy Rain,7,0.6622,Green
Ahiritola Sarbojanin,18,Clear,7,0.6878,Red
Behala Nutan Dal,18,Cloudy,7,0.7591,Yellow
Tala Pratyay,18,Light Rain,8,0.7486,Yellow
Maniktala Chaltabagan,18,Heavy Rain,7,0.709,Green
Hatibagan Sarbojanin,18,Clear,8,0.8189,Red
Bagbazar Sarbojanin,19,Cloudy,9,0.9023,Red
College Square,19,Light Rain,9,0.9289,Yellow
Deshapriya Park,19,Heavy Rain,8,0.7879,Green
Kumartuli Park,19,Clear,7,0.6782,Red
Suruchi Sangha,19,Cloudy,8,0.7643,Red
Sreebhumi Sporting Club,19,Light Rain,9,0.898,Yellow
Ekdalia Evergreen,19,Heavy Rain,7,0.7075,Green
Tridhara Sammilani,19,Clear,6,0.617,Yellow
Badamtala Ashar Sangha,19,Cloudy,7,0.7011,Yellow
Naktala Udayan Sangha,19,Light Rain,6,0.6106,Yellow
Bosepukur Sitala Mandir,19,Heavy Rain,6,0.5911,Green
Dum Dum Park Tarun Dal,19,Clear,7,0.6483,Red
Santosh Mitra Square,19,Cloudy,8,0.7997,Red
Mohammad Ali Park,19,Light Rain,8,0.8219,Yellow
Jodhpur Park,19,Heavy Rain,6,0.5662,Green
Chetla Agrani Club,19,Clear,8,0.8079,Red
Mudiali Club,19,Cloudy,7,0.7657,Yellow
Singhi Park Sarbojanin,19,Light Rain,7,0.6974,Yellow
Ballygunge Cultural Association,19,Heavy Rain,8,0.7992,Yellow
Kashi Bose Lane,19,Clear,7,0.6458,Red
Ahiritola Sarbojanin,19,Cloudy,7,0.6624,Yellow
Behala Nutan Dal,19,Light Rain,7,0.6722,Yellow
Tala Pratyay,19,Heavy Rain,8,0.8204,Yellow
Maniktala Chaltabagan,19,Clear,7,0.6684,Red
Hatibagan Sarbojanin,19,Cloudy,8,0.735,Red
Bagbazar Sarbojanin,20,Light Rain,9,0.914,Yellow
College Square,20,Heavy Rain,9,0.875,Yellow
Deshapriya Park,20,Clear,8,0.747,Red
Kumartuli Park,20,Cloudy,7,0.7248,Yellow
Suruchi Sangha,20,Light Rain,8,0.8173,Yellow
Sreebhumi Sporting Club,20,Heavy Rain,9,0.8232,Yellow
Ekdalia Evergreen,20,Clear,7,0.7045,Red
Tridhara Sammilani,20,Cloudy,6,0.5613,Yellow
Badamtala Ashar Sangha,20,Light Rain,7,0.704,Yellow
Naktala Udayan Sangha,20,Heavy Rain,6,0.6048,Green
Bosepukur Sitala Mandir,20,Clear,6,0.6003,Yellow
Dum Dum Park Tarun Dal,20,Cloudy,7,0.7373,Yellow
Santosh Mitra Square,20,Light Rain,8,0.8985,Yellow
Mohammad Ali Park,20,Heavy Rain,8,0.8133,Yellow
Jodhpur Park,20,Clear,6,0.6657,Yellow
Chetla Agrani Club,20,Cloudy,8,0.7438,Red
Mudiali Club,20,Light Rain,7,0.6881,Yellow
Singhi Park Sarbojanin,20,Heavy Rain,7,0.6552,Green
Ballygunge Cultural Association,20,Clear,8,0.7772,Red
Kashi Bose Lane,20,Cloudy,7,0.6901,Yellow
Ahiritola Sarbojanin,20,Light Rain,7,0.7694,Yellow
Behala Nutan Dal,20,Heavy Rain,7,0.7022,Green
Tala Pratyay,20,Clear,8,0.8387,Red
Maniktala Chaltabagan,20,Cloudy,7,0.6853,Yellow
Hatibagan Sarbojanin,20,Light Rain,8,0.7812,Yellow
Bagbazar Sarbojanin,21,Heavy Rain,9,0.8447,Yellow
College Square,21,Clear,9,0.9679,Red
Deshapriya Park,21,Cloudy,8,0.8512,Red
Kumartuli Park,21,Light Rain,7,0.7083,Yellow
Suruchi Sangha,21,Heavy Rain,8,0.792,Yellow
Sreebhumi Sporting Club,21,Clear,9,0.9036,Red
Ekdalia Evergreen,21,Cloudy,7,0.654,Yellow
Tridhara Sammilani,21,Light Rain,6,0.6172,Yellow
Badamtala Ashar Sangha,21,Heavy Rain,7,0.7477,Green
Naktala Udayan Sangha,21,Clear,6,0.6497,Yellow
Bosepukur Sitala Mandir,21,Cloudy,6,0.5459,Yellow
Dum Dum Park Tarun Dal,21,Light Rain,7,0.7383,Yellow
Santosh Mitra Square,21,Heavy Rain,8,0.7542,Yellow
Mohammad Ali Park,21,Clear,8,0.7252,Red
Jodhpur Park,21,Cloudy,6,0.6398,Yellow
Chetla Agrani Club,21,Light Rain,8,0.7825,Yellow
Mudiali Club,21,Heavy Rain,7,0.7341,Yellow
Singhi Park Sarbojanin,21,Clear,7,0.7306,Red
Ballygunge Cultural Association,21,Cloudy,8,0.8257,Red
Kashi Bose Lane,21,Light Rain,7,0.7031,Yellow
Ahiritola Sarbojanin,21,Heavy Rain,7,0.6576,Green
Behala Nutan Dal,21,Clear,7,0.6901,Red
Tala Pratyay,21,Cloudy,8,0.8504,Red
Maniktala Chaltabagan,21,Light Rain,7,0.7351,Yellow
Hatibagan Sarbojanin,21,Heavy Rain,8,0.7919,Yellow
Bagbazar Sarbojanin,22,Clear,9,0.8915,Yellow
College Square,22,Cloudy,9,0.9223,Yellow
Deshapriya Park,22,Light Rain,8,0.8057,Yellow
Kumartuli Park,22,Heavy Rain,7,0.6937,Green
Suruchi Sangha,22,Clear,8,0.8191,Yellow
Sreebhumi Sporting Club,22,Cloudy,9,0.9179,Yellow
Ekdalia Evergreen,22,Light Rain,7,0.6781,Green
Tridhara Sammilani,22,Heavy Rain,6,0.6125,Green
Badamtala Ashar Sangha,22,Clear,7,0.7156,Yellow
Naktala Udayan Sangha,22,Cloudy,6,0.6004,Green
Bosepukur Sitala Mandir,22,Light Rain,6,0.5745,Green
Dum Dum Park Tarun Dal,22,Heavy Rain,7,0.6891,Green
Santosh Mitra Square,22,Clear,8,0.7678,Yellow
Mohammad Ali Park,22,Cloudy,8,0.8135,Yellow
Jodhpur Park,22,Light Rain,6,0.5461,Green
Chetla Agrani Club,22,Heavy Rain,8,0.8546,Green
Mudiali Club,22,Clear,7,0.7457,Yellow
Singhi Park Sarbojanin,22,Cloudy,7,0.7165,Yellow
Ballygunge Cultural Association,22,Light Rain,8,0.8328,Green
Kashi Bose Lane,22,Heavy Rain,7,0.7302,Green
Ahiritola Sarbojanin,22,Clear,7,0.7062,Yellow
Behala Nutan Dal,22,Cloudy,7,0.6946,Yellow
Tala Pratyay,22,Light Rain,8,0.7907,Green
Maniktala Chaltabagan,22,Heavy Rain,7,0.7562,Green
Hatibagan Sarbojanin,22,Clear,8,0.7734,Yellow
Bagbazar Sarbojanin,23,Cloudy,9,0.874,Yellow
College Square,23,Light Rain,9,0.9362,Yellow
Deshapriya Park,23,Heavy Rain,8,0.8324,Green
Kumartuli Park,23,Clear,7,0.6926,Yellow
Suruchi Sangha,23,Cloudy,8,0.8203,Yellow
Sreebhumi Sporting Club,23,Light Rain,9,0.9251,Yellow
Ekdalia Evergreen,23,Heavy Rain,7,0.656,Green
Tridhara Sammilani,23,Clear,6,0.6483,Yellow
Badamtala Ashar Sangha,23,Cloudy,7,0.7251,Yellow
Naktala Udayan Sangha,23,Light Rain,6,0.6172,Green
Bosepukur Sitala Mandir,23,Heavy Rain,6,0.6254,Green
Dum Dum Park Tarun Dal,23,Clear,7,0.7127,Yellow
Santosh Mitra Square,23,Cloudy,8,0.7787,Yellow
Mohammad Ali Park,23,Light Rain,8,0.8119,Yellow
Jodhpur Park,23,Heavy Rain,6,0.6195,Green
Chetla Agrani Club,23,Clear,8,0.8226,Yellow
Mudiali Club,23,Cloudy,7,0.7027,Yellow
Singhi Park Sarbojanin,23,Light Rain,7,0.7108,Green
Ballygunge Cultural Association,23,Heavy Rain,8,0.7642,Green
Kashi Bose Lane,23,Clear,7,0.672,Yellow
Ahiritola Sarbojanin,23,Cloudy,7,0.6983,Yellow
Behala Nutan Dal,23,Light Rain,7,0.763,Green
Tala Pratyay,23,Heavy Rain,8,0.7868,Green
Maniktala Chaltabagan,23,Clear,7,0.685,Yellow
Hatibagan Sarbojanin,23,Cloudy,8,0.7379,Yellow
Bagbazar Sarbojanin,0,Cloudy,9,0.9339,Green
College Square,0,Light Rain,9,0.8514,Green
Deshapriya Park,0,Heavy Rain,8,0.8025,Green
Kumartuli Park,0,Clear,7,0.6423,Green
Suruchi Sangha,0,Cloudy,8,0.8275,Green
Sreebhumi Sporting Club,0,Light Rain,9,0.9226,Green
Ekdalia Evergreen,0,Heavy Rain,7,0.6797,Green
Tridhara Sammilani,0,Clear,6,0.5352,Green
Badamtala Ashar Sangha,0,Cloudy,7,0.7417,Green
Naktala Udayan Sangha,0,Light Rain,6,0.6122,Green
Bosepukur Sitala Mandir,0,Heavy Rain,6,0.6115,Green
Dum Dum Park Tarun Dal,0,Clear,7,0.6691,Green
Santosh Mitra Square,0,Cloudy,8,0.7978,Green
Mohammad Ali Park,0,Light Rain,8,0.8016,Green
Jodhpur Park,0,Heavy Rain,6,0.6429,Green
Chetla Agrani Club,0,Clear,8,0.8254,Green
Mudiali Club,0,Cloudy,7,0.6772,Green
Singhi Park Sarbojanin,0,Light Rain,7,0.694,Green
Ballygunge Cultural Association,0,Heavy Rain,8,0.7908,Green
Kashi Bose Lane,0,Clear,7,0.7083,Green
Ahiritola Sarbojanin,0,Cloudy,7,0.6455,Green
Behala Nutan Dal,0,Light Rain,7,0.6968,Green
Tala Pratyay,0,Heavy Rain,8,0.7904,Green
Maniktala Chaltabagan,0,Clear,7,0.7498,Green
Hatibagan Sarbojanin,0,Cloudy,8,0.8479,Green
Bagbazar Sarbojanin,1,Light Rain,9,0.95,Green
College Square,1,Heavy Rain,9,0.9299,Green
Deshapriya Park,1,Clear,8,0.8218,Green
Kumartuli Park,1,Cloudy,7,0.6919,Green
Suruchi Sangha,1,Light Rain,8,0.7683,Green
Sreebhumi Sporting Club,1,Heavy Rain,9,0.9005,Green
Ekdalia Evergreen,1,Clear,7,0.685,Green
Tridhara Sammilani,1,Cloudy,6,0.5941,Green
Badamtala Ashar Sangha,1,Light Rain,7,0.7003,Green
Naktala Udayan Sangha,1,Heavy Rain,6,0.5393,Green
Bosepukur Sitala Mandir,1,Clear,6,0.6171,Green
Dum Dum Park Tarun Dal,1,Cloudy,7,0.7199,Green
Santosh Mitra Square,1,Light Rain,8,0.7524,Green
Mohammad Ali Park,1,Heavy Rain,8,0.7633,Green
Jodhpur Park,1,Clear,6,0.576,Green
Chetla Agrani Club,1,Cloudy,8,0.7778,Green
Mudiali Club,1,Light Rain,7,0.7048,Green
Singhi Park Sarbojanin,1,Heavy Rain,7,0.6632,Green
Ballygunge Cultural Association,1,Clear,8,0.7576,Green
Kashi Bose Lane,1,Cloudy,7,0.7919,Green
Ahiritola Sarbojanin,1,Light Rain,7,0.7251,Green
Behala Nutan Dal,1,Heavy Rain,7,0.6321,Green
Tala Pratyay,1,Clear,8,0.8449,Green
Maniktala Chaltabagan,1,Cloudy,7,0.6755,Green
Hatibagan Sarbojanin,1,Light Rain,8,0.7628,Green
Bagbazar Sarbojanin,2,Heavy Rain,9,0.8982,Green
College Square,2,Clear,9,0.8741,Green
Deshapriya Park,2,Cloudy,8,0.8183,Green
Kumartuli Park,2,Light Rain,7,0.6937,Green
Suruchi Sangha,2,Heavy Rain,8,0.795,Green
Sreebhumi Sporting Club,2,Clear,9,0.9165,Green
Ekdalia Evergreen,2,Cloudy,7,0.6949,Green
Tridhara Sammilani,2,Light Rain,6,0.5726,Green
Badamtala Ashar Sangha,2,Heavy Rain,7,0.7269,Green
Naktala Udayan Sangha,2,Clear,6,0.6159,Green
Bosepukur Sitala Mandir,2,Cloudy,6,0.6016,Green
Dum Dum Park Tarun Dal,2,Light Rain,7,0.7327,Green
Santosh Mitra Square,2,Heavy Rain,8,0.7965,Green
Mohammad Ali Park,2,Clear,8,0.808,Green
Jodhpur Park,2,Cloudy,6,0.6099,Green
Chetla Agrani Club,2,Light Rain,8,0.7742,Green
Mudiali Club,2,Heavy Rain,7,0.7996,Green
Singhi Park Sarbojanin,2,Clear,7,0.7025,Green
Ballygunge Cultural Association,2,Cloudy,8,0.7829,Green
Kashi Bose Lane,2,Light Rain,7,0.6764,Green
Ahiritola Sarbojanin,2,Heavy Rain,7,0.6444,Green
Behala Nutan Dal,2,Clear,7,0.6402,Green
Tala Pratyay,2,Cloudy,8,0.898,Green
Maniktala Chaltabagan,2,Light Rain,7,0.6417,Green
Hatibagan Sarbojanin,2,Heavy Rain,8,0.7746,Green
Bagbazar Sarbojanin,3,Clear,9,0.8901,Green
College Square,3,Cloudy,9,0.8938,Green
Deshapriya Park,3,Light Rain,8,0.792,Green
Kumartuli Park,3,Heavy Rain,7,0.693,Green
Suruchi Sangha,3,Clear,8,0.8139,Green
Sreebhumi Sporting Club,3,Cloudy,9,0.8845,Green
Ekdalia Evergreen,3,Light Rain,7,0.7106,Green
Tridhara Sammilani,3,Heavy Rain,6,0.5977,Green
Badamtala Ashar Sangha,3,Clear,7,0.7324,Green
Naktala Udayan Sangha,3,Cloudy,6,0.6325,Green
Bosepukur Sitala Mandir,3,Light Rain,6,0.5846,Green
Dum Dum Park Tarun Dal,3,Heavy Rain,7,0.7147,Green
Santosh Mitra Square,3,Clear,8,0.8382,Green
Mohammad Ali Park,3,Cloudy,8,0.7683,Green
Jodhpur Park,3,Light Rain,6,0.5975,Green
Chetla Agrani Club,3,Heavy Rain,8,0.8131,Green
Mudiali Club,3,Clear,7,0.6669,Green
Singhi Park Sarbojanin,3,Cloudy,7,0.7639,Green
Ballygunge Cultural Association,3,Light Rain,8,0.7885,Green
Kashi Bose Lane,3,Heavy Rain,7,0.7623,Green
Ahiritola Sarbojanin,3,Clear,7,0.6833,Green
Behala Nutan Dal,3,Cloudy,7,0.6869,Green
Tala Pratyay,3,Light Rain,8,0.7483,Green
Maniktala Chaltabagan,3,Heavy Rain,7,0.6419,Green
Hatibagan Sarbojanin,3,Clear,8,0.8294,Green
Bagbazar Sarbojanin,4,Cloudy,9,0.8888,Green
College Square,4,Light Rain,9,0.8923,Green
Deshapriya Park,4,Heavy Rain,8,0.8344,Green
Kumartuli Park,4,Clear,7,0.6709,Green
Suruchi Sangha,4,Cloudy,8,0.7965,Green
Sreebhumi Sporting Club,4,Light Rain,9,0.9094,Green
Ekdalia Evergreen,4,Heavy Rain,7,0.6816,Green
Tridhara Sammilani,4,Clear,6,0.6402,Green
Badamtala Ashar Sangha,4,Cloudy,7,0.6978,Green
Naktala Udayan Sangha,4,Light Rain,6,0.6546,Green
Bosepukur Sitala Mandir,4,Heavy Rain,6,0.6336,Green
Dum Dum Park Tarun Dal,4,Clear,7,0.6978,Green
Santosh Mitra Square,4,Cloudy,8,0.7885,Green
Mohammad Ali Park,4,Light Rain,8,0.8299,Green
Jodhpur Park,4,Heavy Rain,6,0.6082,Green
Chetla Agrani Club,4,Clear,8,0.7661,Green
Mudiali Club,4,Cloudy,7,0.6938,Green
Singhi Park Sarbojanin,4,Light Rain,7,0.7501,Green
Ballygunge Cultural Association,4,Heavy Rain,8,0.8202,Green
Kashi Bose Lane,4,Clear,7,0.6888,Green
Ahiritola Sarbojanin,4,Cloudy,7,0.6516,Green
Behala Nutan Dal,4,Light Rain,7,0.7104,Green
Tala Pratyay,4,Heavy Rain,8,0.803,Green
Maniktala Chaltabagan,4,Clear,7,0.6967,Green
Hatibagan Sarbojanin,4,Cloudy,8,0.8303,Green
Bagbazar Sarbojanin,5,Light Rain,9,0.9207,Green
College Square,5,Heavy Rain,9,0.8526,Green
Deshapriya Park,5,Clear,8,0.8032,Green
Kumartuli Park,5,Cloudy,7,0.6598,Green
Suruchi Sangha,5,Light Rain,8,0.7857,Green
Sreebhumi Sporting Club,5,Heavy Rain,9,0.8575,Green
Ekdalia Evergreen,5,Clear,7,0.6586,Green
Tridhara Sammilani,5,Cloudy,6,0.5399,Green
Badamtala Ashar Sangha,5,Light Rain,7,0.7146,Green
Naktala Udayan Sangha,5,Heavy Rain,6,0.611,Green
Bosepukur Sitala Mandir,5,Clear,6,0.6006,Green
Dum Dum Park Tarun Dal,5,Cloudy,7,0.6828,Green
Santosh Mitra Square,5,Light Rain,8,0.7552,Green
Mohammad Ali Park,5,Heavy Rain,8,0.7607,Green
Jodhpur Park,5,Clear,6,0.5544,Green
Chetla Agrani Club,5,Cloudy,8,0.7829,Green
Mudiali Club,5,Light Rain,7,0.7113,Green
Singhi Park Sarbojanin,5,Heavy Rain,7,0.6736,Green
Ballygunge Cultural Association,5,Clear,8,0.7657,Green
Kashi Bose Lane,5,Cloudy,7,0.6908,Green
Ahiritola Sarbojanin,5,Light Rain,7,0.6575,Green
Behala Nutan Dal,5,Heavy Rain,7,0.6181,Green
Tala Pratyay,5,Clear,8,0.822,Green
Maniktala Chaltabagan,5,Cloudy,7,0.6521,Green
Hatibagan Sarbojanin,5,Light Rain,8,0.7777,Green
Bagbazar Sarbojanin,6,Heavy Rain,9,0.9225,Green
College Square,6,Clear,9,0.8467,Green
Deshapriya Park,6,Cloudy,8,0.7434,Green
Kumartuli Park,6,Light Rain,7,0.6442,Green
Suruchi Sangha,6,Heavy Rain,8,0.7636,Green
Sreebhumi Sporting Club,6,Clear,9,0.9473,Green
Ekdalia Evergreen,6,Cloudy,7,0.6833,Green
Tridhara Sammilani,6,Light Rain,6,0.5217,Green
Badamtala Ashar Sangha,6,Heavy Rain,7,0.6889,Green
Naktala Udayan Sangha,6,Clear,6,0.6077,Green
Bosepukur Sitala Mandir,6,Cloudy,6,0.6113,Green
Dum Dum Park Tarun Dal,6,Light Rain,7,0.6614,Green
Santosh Mitra Square,6,Heavy Rain,8,0.8004,Green
Mohammad Ali Park,6,Clear,8,0.8277,Green
Jodhpur Park,6,Cloudy,6,0.5498,Green
Chetla Agrani Club,6,Light Rain,8,0.763,Green
Mudiali Club,6,Heavy Rain,7,0.7123,Green
Singhi Park Sarbojanin,6,Clear,7,0.7139,Green
Ballygunge Cultural Association,6,Cloudy,8,0.842,Green
Kashi Bose Lane,6,Light Rain,7,0.7024,Green
Ahiritola Sarbojanin,6,Heavy Rain,7,0.704,Green
Behala Nutan Dal,6,Clear,7,0.6707,Green
Tala Pratyay,6,Cloudy,8,0.8433,Green
Maniktala Chaltabagan,6,Light Rain,7,0.7458,Green
Hatibagan Sarbojanin,6,Heavy Rain,8,0.7981,Green
Bagbazar Sarbojanin,7,Clear,9,0.8746,Green
College Square,7,Cloudy,9,0.8977,Green
Deshapriya Park,7,Light Rain,8,0.8009,Green
Kumartuli Park,7,Heavy Rain,7,0.6734,Green
Suruchi Sangha,7,Clear,8,0.778,Green
Sreebhumi Sporting Club,7,Cloudy,9,0.9458,Green
Ekdalia Evergreen,7,Light Rain,7,0.7181,Green
Tridhara Sammilani,7,Heavy Rain,6,0.5916,Green
Badamtala Ashar Sangha,7,Clear,7,0.6652,Green
Naktala Udayan Sangha,7,Cloudy,6,0.5784,Green
Bosepukur Sitala Mandir,7,Light Rain,6,0.5453,Green
Dum Dum Park Tarun Dal,7,Heavy Rain,7,0.7082,Green
Santosh Mitra Square,7,Clear,8,0.7766,Green
Mohammad Ali Park,7,Cloudy,8,0.8109,Green
Jodhpur Park,7,Light Rain,6,0.6261,Green
Chetla Agrani Club,7,Heavy Rain,8,0.8115,Green
Mudiali Club,7,Clear,7,0.6875,Green
Singhi Park Sarbojanin,7,Cloudy,7,0.6718,Green
Ballygunge Cultural Association,7,Light Rain,8,0.7607,Green
Kashi Bose Lane,7,Heavy Rain,7,0.7419,Green
Ahiritola Sarbojanin,7,Clear,7,0.7099,Green
Behala Nutan Dal,7,Cloudy,7,0.6893,Green
Tala Pratyay,7,Light Rain,8,0.8211,Green
Maniktala Chaltabagan,7,Heavy Rain,7,0.7354,Green
Hatibagan Sarbojanin,7,Clear,8,0.7773,Green
Bagbazar Sarbojanin,8,Cloudy,9,0.9089,Green
College Square,8,Light Rain,9,0.9096,Green
Deshapriya Park,8,Heavy Rain,8,0.85,Green
Kumartuli Park,8,Clear,7,0.6889,Green
Suruchi Sangha,8,Cloudy,8,0.7707,Green
Sreebhumi Sporting Club,8,Light Rain,9,0.9127,Green
Ekdalia Evergreen,8,Heavy Rain,7,0.724,Green
Tridhara Sammilani,8,Clear,6,0.606,Green
Badamtala Ashar Sangha,8,Cloudy,7,0.7528,Green
Naktala Udayan Sangha,8,Light Rain,6,0.5888,Green
Bosepukur Sitala Mandir,8,Heavy Rain,6,0.6068,Green
Dum Dum Park Tarun Dal,8,Clear,7,0.6525,Green
Santosh Mitra Square,8,Cloudy,8,0.7689,Green
Mohammad Ali Park,8,Light Rain,8,0.7775,Green
Jodhpur Park,8,Heavy Rain,6,0.5941,Green
Chetla Agrani Club,8,Clear,8,0.7571,Green
Mudiali Club,8,Cloudy,7,0.7206,Green
Singhi Park Sarbojanin,8,Light Rain,7,0.6746,Green
Ballygunge Cultural Association,8,Heavy Rain,8,0.877,Green
Kashi Bose Lane,8,Clear,7,0.6757,Green
Ahiritola Sarbojanin,8,Cloudy,7,0.7032,Green
Behala Nutan Dal,8,Light Rain,7,0.6989,Green
Tala Pratyay,8,Heavy Rain,8,0.7663,Green
Maniktala Chaltabagan,8,Clear,7,0.6942,Green
Hatibagan Sarbojanin,8,Cloudy,8,0.7938,Green
Bagbazar Sarbojanin,9,Light Rain,9,0.9311,Green
College Square,9,Heavy Rain,9,0.914,Green
Deshapriya Park,9,Clear,8,0.82,Green
Kumartuli Park,9,Cloudy,7,0.7303,Green
Suruchi Sangha,9,Light Rain,8,0.8206,Green
Sreebhumi Sporting Club,9,Heavy Rain,9,0.9086,Green
Ekdalia Evergreen,9,Clear,7,0.6772,Green
Tridhara Sammilani,9,Cloudy,6,0.6064,Green
Badamtala Ashar Sangha,9,Light Rain,7,0.6712,Green
Naktala Udayan Sangha,9,Heavy Rain,6,0.5967,Green
Bosepukur Sitala Mandir,9,Clear,6,0.5923,Green
Dum Dum Park Tarun Dal,9,Cloudy,7,0.6944,Green
Santosh Mitra Square,9,Light Rain,8,0.7574,Green
Mohammad Ali Park,9,Heavy Rain,8,0.7086,Green
Jodhpur Park,9,Clear,6,0.5862,Green
Chetla Agrani Club,9,Cloudy,8,0.8388,Green
Mudiali Club,9,Light Rain,7,0.7027,Green
Singhi Park Sarbojanin,9,Heavy Rain,7,0.7359,Green
Ballygunge Cultural Association,9,Clear,8,0.7714,Green
Kashi Bose Lane,9,Cloudy,7,0.6846,Green
Ahiritola Sarbojanin,9,Light Rain,7,0.7797,Green
Behala Nutan Dal,9,Heavy Rain,7,0.6732,Green
Tala Pratyay,9,Clear,8,0.8193,Green
Maniktala Chaltabagan,9,Cloudy,7,0.7193,Green
Hatibagan Sarbojanin,9,Light Rain,8,0.8153,Green
Bagbazar Sarbojanin,10,Heavy Rain,9,0.9198,Green
College Square,10,Clear,9,0.8728,Yellow
Deshapriya Park,10,Cloudy,8,0.7877,Green
Kumartuli Park,10,Light Rain,7,0.6153,Green
Suruchi Sangha,10,Heavy Rain,8,0.8514,Green
Sreebhumi Sporting Club,10,Clear,9,0.9196,Yellow
Ekdalia Evergreen,10,Cloudy,7,0.6775,Green
Tridhara Sammilani,10,Light Rain,6,0.5717,Green
Badamtala Ashar Sangha,10,Heavy Rain,7,0.7394,Green
Naktala Udayan Sangha,10,Clear,6,0.5753,Green
Bosepukur Sitala Mandir,10,Cloudy,6,0.5774,Green
Dum Dum Park Tarun Dal,10,Light Rain,7,0.665,Green
Santosh Mitra Square,10,Heavy Rain,8,0.8261,Green
Mohammad Ali Park,10,Clear,8,0.8354,Green
Jodhpur Park,10,Cloudy,6,0.5925,Green
Chetla Agrani Club,10,Light Rain,8,0.8356,Green
Mudiali Club,10,Heavy Rain,7,0.7122,Green
Singhi Park Sarbojanin,10,Clear,7,0.6632,Green
Ballygunge Cultural Association,10,Cloudy,8,0.8484,Green
Kashi Bose Lane,10,Light Rain,7,0.6647,Green
Ahiritola Sarbojanin,10,Heavy Rain,7,0.6949,Green
Behala Nutan Dal,10,Clear,7,0.71,Green
Tala Pratyay,10,Cloudy,8,0.8497,Green
Maniktala Chaltabagan,10,Light Rain,7,0.7033,Green
Hatibagan Sarbojanin,10,Heavy Rain,8,0.7959,Green
Bagbazar Sarbojanin,11,Clear,9,0.8861,Yellow
College Square,11,Cloudy,9,0.9132,Green
Deshapriya Park,11,Light Rain,8,0.776,Green
Kumartuli Park,11,Heavy Rain,7,0.7126,Green
Suruchi Sangha,11,Clear,8,0.8368,Green
Sreebhumi Sporting Club,11,Cloudy,9,0.8534,Green
Ekdalia Evergreen,11,Light Rain,7,0.7187,Green
Tridhara Sammilani,11,Heavy Rain,6,0.5921,Green
Badamtala Ashar Sangha,11,Clear,7,0.6602,Green
Naktala Udayan Sangha,11,Cloudy,6,0.5967,Green
Bosepukur Sitala Mandir,11,Light Rain,6,0.6372,Green
Dum Dum Park Tarun Dal,11,Heavy Rain,7,0.7026,Green
Santosh Mitra Square,11,Clear,8,0.7625,Green
Mohammad Ali Park,11,Cloudy,8,0.8143,Green
Jodhpur Park,11,Light Rain,6,0.5265,Green
Chetla Agrani Club,11,Heavy Rain,8,0.8422,Green
Mudiali Club,11,Clear,7,0.6504,Green
Singhi Park Sarbojanin,11,Cloudy,7,0.699,Green
Ballygunge Cultural Association,11,Light Rain,8,0.814,Green
Kashi Bose Lane,11,Heavy Rain,7,0.6745,Green
Ahiritola Sarbojanin,11,Clear,7,0.7351,Green
Behala Nutan Dal,11,Cloudy,7,0.7202,Green
Tala Pratyay,11,Light Rain,8,0.8447,Green
Maniktala Chaltabagan,11,Heavy Rain,7,0.7099,Green
Hatibagan Sarbojanin,11,Clear,8,0.7286,Green
Bagbazar Sarbojanin,12,Cloudy,9,0.8717,Green
College Square,12,Light Rain,9,0.9189,Green
Deshapriya Park,12,Heavy Rain,8,0.8486,Green
Kumartuli Park,12,Clear,7,0.7003,Green
Suruchi Sangha,12,Cloudy,8,0.8393,Green
Sreebhumi Sporting Club,12,Light Rain,9,0.9012,Green
Ekdalia Evergreen,12,Heavy Rain,7,0.7194,Green
Tridhara Sammilani,12,Clear,6,0.5958,Green
Badamtala Ashar Sangha,12,Cloudy,7,0.7423,Green
Naktala Udayan Sangha,12,Light Rain,6,0.6602,Green
Bosepukur Sitala Mandir,12,Heavy Rain,6,0.6568,Green
Dum Dum Park Tarun Dal,12,Clear,7,0.8145,Green
Santosh Mitra Square,12,Cloudy,8,0.7759,Green
Mohammad Ali Park,12,Light Rain,8,0.8139,Green
Jodhpur Park,12,Heavy Rain,6,0.5766,Green
Chetla Agrani Club,12,Clear,8,0.8407,Yellow
Mudiali Club,12,Cloudy,7,0.6664,Green
Singhi Park Sarbojanin,12,Light Rain,7,0.743,Green
Ballygunge Cultural Association,12,Heavy Rain,8,0.8072,Green
Kashi Bose Lane,12,Clear,7,0.6972,Green
Ahiritola Sarbojanin,12,Cloudy,7,0.7011,Green
Behala Nutan Dal,12,Light Rain,7,0.6633,Green
Tala Pratyay,12,Heavy Rain,8,0.8078,Green
Maniktala Chaltabagan,12,Clear,7,0.7075,Green
Hatibagan Sarbojanin,12,Cloudy,8,0.778,Green
Bagbazar Sarbojanin,13,Light Rain,9,0.8906,Green
College Square,13,Heavy Rain,9,0.9169,Green
Deshapriya Park,13,Clear,8,0.7723,Yellow
Kumartuli Park,13,Cloudy,7,0.6392,Green
Suruchi Sangha,13,Light Rain,8,0.8529,Green
Sreebhumi Sporting Club,13,Heavy Rain,9,0.9102,Green
Ekdalia Evergreen,13,Clear,7,0.6837,Green
Tridhara Sammilani,13,Cloudy,6,0.5765,Green
Badamtala Ashar Sangha,13,Light Rain,7,0.672,Green
Naktala Udayan Sangha,13,Heavy Rain,6,0.6405,Green
Bosepukur Sitala Mandir,13,Clear,6,0.5555,Green
Dum Dum Park Tarun Dal,13,Cloudy,7,0.7138,Green
Santosh Mitra Square,13,Light Rain,8,0.8138,Green
Mohammad Ali Park,13,Heavy Rain,8,0.8268,Green
Jodhpur Park,13,Clear,6,0.5868,Green
Chetla Agrani Club,13,Cloudy,8,0.8493,Green
Mudiali Club,13,Light Rain,7,0.7279,Green
Singhi Park Sarbojanin,13,Heavy Rain,7,0.6856,Green
Ballygunge Cultural Association,13,Clear,8,0.775,Green
Kashi Bose Lane,13,Cloudy,7,0.6954,Green
Ahiritola Sarbojanin,13,Light Rain,7,0.6845,Green
Behala Nutan Dal,13,Heavy Rain,7,0.6697,Green
Tala Pratyay,13,Clear,8,0.8026,Green
Maniktala Chaltabagan,13,Cloudy,7,0.6909,Green
Hatibagan Sarbojanin,13,Light Rain,8,0.8587,Green
Bagbazar Sarbojanin,14,Heavy Rain,9,0.8845,Green
College Square,14,Clear,9,0.8747,Yellow
Deshapriya Park,14,Cloudy,8,0.8004,Yellow
Kumartuli Park,14,Light Rain,7,0.7091,Green
Suruchi Sangha,14,Heavy Rain,8,0.8118,Green
Sreebhumi Sporting Club,14,Clear,9,0.9114,Yellow
Ekdalia Evergreen,14,Cloudy,7,0.7015,Yellow
Tridhara Sammilani,14,Light Rain,6,0.599,Green
Badamtala Ashar Sangha,14,Heavy Rain,7,0.7215,Green
Naktala Udayan Sangha,14,Clear,6,0.5668,Yellow
Bosepukur Sitala Mandir,14,Cloudy,6,0.5749,Green
Dum Dum Park Tarun Dal,14,Light Rain,7,0.6477,Green
Santosh Mitra Square,14,Heavy Rain,8,0.7673,Green
Mohammad Ali Park,14,Clear,8,0.8366,Yellow
Jodhpur Park,14,Cloudy,6,0.6199,Green
Chetla Agrani Club,14,Light Rain,8,0.8643,Green
Mudiali Club,14,Heavy Rain,7,0.7535,Green
Singhi Park Sarbojanin,14,Clear,7,0.7202,Yellow
Ballygunge Cultural Association,14,Cloudy,8,0.8053,Yellow
Kashi Bose Lane,14,Light Rain,7,0.701,Green
Ahiritola Sarbojanin,14,Heavy Rain,7,0.6286,Green
Behala Nutan Dal,14,Clear,7,0.6972,Yellow
Tala Pratyay,14,Cloudy,8,0.7804,Yellow
Maniktala Chaltabagan,14,Light Rain,7,0.6687,Green
Hatibagan Sarbojanin,14,Heavy Rain,8,0.8142,Green
Bagbazar Sarbojanin,15,Clear,9,0.893,Yellow
College Square,15,Cloudy,9,0.9031,Yellow
Deshapriya Park,15,Light Rain,8,0.764,Green
Kumartuli Park,15,Heavy Rain,7,0.7295,Green
Suruchi Sangha,15,Clear,8,0.7843,Yellow
Sreebhumi Sporting Club,15,Cloudy,9,0.9123,Yellow
Ekdalia Evergreen,15,Light Rain,7,0.6871,Green
Tridhara Sammilani,15,Heavy Rain,6,0.5235,Green
Badamtala Ashar Sangha,15,Clear,7,0.7157,Yellow
Naktala Udayan Sangha,15,Cloudy,6,0.5952,Green
Bosepukur Sitala Mandir,15,Light Rain,6,0.5456,Green
Dum Dum Park Tarun Dal,15,Heavy Rain,7,0.6602,Green
Santosh Mitra Square,15,Clear,8,0.8306,Yellow
Mohammad Ali Park,15,Cloudy,8,0.747,Yellow
Jodhpur Park,15,Light Rain,6,0.5835,Green
Chetla Agrani Club,15,Heavy Rain,8,0.8681,Green
Mudiali Club,15,Clear,7,0.7166,Yellow
Singhi Park Sarbojanin,15,Cloudy,7,0.7253,Yellow
Ballygunge Cultural Association,15,Light Rain,8,0.7901,Yellow
Kashi Bose Lane,15,Heavy Rain,7,0.643,Green
Ahiritola Sarbojanin,15,Clear,7,0.7064,Yellow
Behala Nutan Dal,15,Cloudy,7,0.6624,Yellow
Tala Pratyay,15,Light Rain,8,0.7593,Yellow
Maniktala Chaltabagan,15,Heavy Rain,7,0.7023,Green
Hatibagan Sarbojanin,15,Clear,8,0.7645,Yellow
Bagbazar Sarbojanin,16,Cloudy,9,0.8983,Yellow
College Square,16,Light Rain,9,0.876,Yellow
Deshapriya Park,16,Heavy Rain,8,0.7971,Green
Kumartuli Park,16,Clear,7,0.6813,Yellow
Suruchi Sangha,16,Cloudy,8,0.7981,Yellow
Sreebhumi Sporting Club,16,Light Rain,9,0.95,Yellow
Ekdalia Evergreen,16,Heavy Rain,7,0.7261,Green
Tridhara Sammilani,16,Clear,6,0.5942,Yellow
Badamtala Ashar Sangha,16,Cloudy,7,0.7433,Yellow
Naktala Udayan Sangha,16,Light Rain,6,0.6128,Green
Bosepukur Sitala Mandir,16,Heavy Rain,6,0.6405,Green
Dum Dum Park Tarun Dal,16,Clear,7,0.6502,Yellow
Santosh Mitra Square,16,Cloudy,8,0.7649,Yellow
Mohammad Ali Park,16,Light Rain,8,0.806,Green
Jodhpur Park,16,Heavy Rain,6,0.5934,Green
Chetla Agrani Club,16,Clear,8,0.7981,Yellow
Mudiali Club,16,Cloudy,7,0.7185,Yellow
Singhi Park Sarbojanin,16,Light Rain,7,0.7668,Green
Ballygunge Cultural Association,16,Heavy Rain,8,0.7852,Green
Kashi Bose Lane,16,Clear,7,0.6511,Yellow
Ahiritola Sarbojanin,16,Cloudy,7,0.7117,Green
Behala Nutan Dal,16,Light Rain,7,0.6987,Green
Tala Pratyay,16,Heavy Rain,8,0.8035,Green
Maniktala Chaltabagan,16,Clear,7,0.7148,Yellow
Hatibagan Sarbojanin,16,Cloudy,8,0.849,Yellow
Bagbazar Sarbojanin,17,Light Rain,9,0.8731,Yellow
College Square,17,Heavy Rain,9,0.853,Green
Deshapriya Park,17,Clear,8,0.8206,Yellow
Kumartuli Park,17,Cloudy,7,0.6782,Yellow
Suruchi Sangha,17,Light Rain,8,0.7798,Yellow
Sreebhumi Sporting Club,17,Heavy Rain,9,0.9134,Green
Ekdalia Evergreen,17,Clear,7,0.738,Yellow
Tridhara Sammilani,17,Cloudy,6,0.6345,Green
Badamtala Ashar Sangha,17,Light Rain,7,0.6996,Green
Naktala Udayan Sangha,17,Heavy Rain,6,0.6849,Green
Bosepukur Sitala Mandir,17,Clear,6,0.6104,Yellow
Dum Dum Park Tarun Dal,17,Cloudy,7,0.7625,Yellow
Santosh Mitra Square,17,Light Rain,8,0.7763,Yellow
Mohammad Ali Park,17,Heavy Rain,8,0.809,Green
Jodhpur Park,17,Clear,6,0.6265,Yellow
Chetla Agrani Club,17,Cloudy,8,0.8075,Yellow
Mudiali Club,17,Light Rain,7,0.7151,Green
Singhi Park Sarbojanin,17,Heavy Rain,7,0.7021,Green
Ballygunge Cultural Association,17,Clear,8,0.8593,Yellow
Kashi Bose Lane,17,Cloudy,7,0.715,Yellow
Ahiritola Sarbojanin,17,Light Rain,7,0.7616,Green
Behala Nutan Dal,17,Heavy Rain,7,0.6743,Green
Tala Pratyay,17,Clear,8,0.8113,Yellow
Maniktala Chaltabagan,17,Cloudy,7,0.6833,Green
Hatibagan Sarbojanin,17,Light Rain,8,0.8084,Green
Bagbazar Sarbojanin,18,Heavy Rain,9,0.8479,Yellow
College Square,18,Clear,9,0.8542,Red
Deshapriya Park,18,Cloudy,8,0.7755,Yellow
Kumartuli Park,18,Light Rain,7,0.7262,Yellow
Suruchi Sangha,18,Heavy Rain,8,0.7679,Green
Sreebhumi Sporting Club,18,Clear,9,0.8908,Red
Ekdalia Evergreen,18,Cloudy,7,0.7445,Yellow
Tridhara Sammilani,18,Light Rain,6,0.6032,Yellow
Badamtala Ashar Sangha,18,Heavy Rain,7,0.7283,Green
Naktala Udayan Sangha,18,Clear,6,0.5899,Yellow
Bosepukur Sitala Mandir,18,Cloudy,6,0.563,Yellow
Dum Dum Park Tarun Dal,18,Light Rain,7,0.6952,Yellow
Santosh Mitra Square,18,Heavy Rain,8,0.8364,Green
Mohammad Ali Park,18,Clear,8,0.7917,Yellow
Jodhpur Park,18,Cloudy,6,0.5754,Yellow
Chetla Agrani Club,18,Light Rain,8,0.8318,Yellow
Mudiali Club,18,Heavy Rain,7,0.7628,Green
Singhi Park Sarbojanin,18,Clear,7,0.6997,Yellow
Ballygunge Cultural Association,18,Cloudy,8,0.768,Yellow
Kashi Bose Lane,18,Light Rain,7,0.6613,Yellow
Ahiritola Sarbojanin,18,Heavy Rain,7,0.737,Green
Behala Nutan Dal,18,Clear,7,0.6352,Yellow
Tala Pratyay,18,Cloudy,8,0.8198,Yellow
Maniktala Chaltabagan,18,Light Rain,7,0.6057,Yellow
Hatibagan Sarbojanin,18,Heavy Rain,8,0.8048,Green
Bagbazar Sarbojanin,19,Clear,9,0.9348,Red
College Square,19,Cloudy,9,0.8759,Yellow
Deshapriya Park,19,Light Rain,8,0.8623,Yellow
Kumartuli Park,19,Heavy Rain,7,0.7126,Green
Suruchi Sangha,19,Clear,8,0.8277,Yellow
Sreebhumi Sporting Club,19,Cloudy,9,0.9225,Yellow
Ekdalia Evergreen,19,Light Rain,7,0.7111,Yellow
Tridhara Sammilani,19,Heavy Rain,6,0.6175,Green
Badamtala Ashar Sangha,19,Clear,7,0.5924,Yellow
Naktala Udayan Sangha,19,Cloudy,6,0.6225,Yellow
Bosepukur Sitala Mandir,19,Light Rain,6,0.5964,Yellow
Dum Dum Park Tarun Dal,19,Heavy Rain,7,0.7109,Green
Santosh Mitra Square,19,Clear,8,0.8366,Yellow
Mohammad Ali Park,19,Cloudy,8,0.7686,Yellow
Jodhpur Park,19,Light Rain,6,0.5833,Yellow
Chetla Agrani Club,19,Heavy Rain,8,0.7876,Green
Mudiali Club,19,Clear,7,0.7052,Yellow
Singhi Park Sarbojanin,19,Cloudy,7,0.6897,Yellow
Ballygunge Cultural Association,19,Light Rain,8,0.8177,Yellow
Kashi Bose Lane,19,Heavy Rain,7,0.6403,Green
Ahiritola Sarbojanin,19,Clear,7,0.7297,Yellow
Behala Nutan Dal,19,Cloudy,7,0.7084,Yellow
Tala Pratyay,19,Light Rain,8,0.8265,Yellow
Maniktala Chaltabagan,19,Heavy Rain,7,0.6874,Green
Hatibagan Sarbojanin,19,Clear,8,0.8413,Red
Bagbazar Sarbojanin,20,Cloudy,9,0.926,Yellow
College Square,20,Light Rain,9,0.8981,Yellow
Deshapriya Park,20,Heavy Rain,8,0.796,Green
Kumartuli Park,20,Clear,7,0.663,Yellow
Suruchi Sangha,20,Cloudy,8,0.7601,Yellow
Sreebhumi Sporting Club,20,Light Rain,9,0.9034,Yellow
Ekdalia Evergreen,20,Heavy Rain,7,0.6852,Green
Tridhara Sammilani,20,Clear,6,0.5807,Yellow
Badamtala Ashar Sangha,20,Cloudy,7,0.6016,Yellow
Naktala Udayan Sangha,20,Light Rain,6,0.6956,Yellow
Bosepukur Sitala Mandir,20,Heavy Rain,6,0.5613,Green
Dum Dum Park Tarun Dal,20,Clear,7,0.7024,Yellow
Santosh Mitra Square,20,Cloudy,8,0.8644,Yellow
Mohammad Ali Park,20,Light Rain,8,0.7811,Yellow
Jodhpur Park,20,Heavy Rain,6,0.5756,Green
Chetla Agrani Club,20,Clear,8,0.7384,Yellow
Mudiali Club,20,Cloudy,7,0.6686,Yellow
Singhi Park Sarbojanin,20,Light Rain,7,0.711,Yellow
Ballygunge Cultural Association,20,Heavy Rain,8,0.69,Green
Kashi Bose Lane,20,Clear,7,0.6835,Yellow
Ahiritola Sarbojanin,20,Cloudy,7,0.7532,Yellow
Behala Nutan Dal,20,Light Rain,7,0.7308,Yellow
Tala Pratyay,20,Heavy Rain,8,0.7985,Green
Maniktala Chaltabagan,20,Clear,7,0.6979,Yellow
Hatibagan Sarbojanin,20,Cloudy,8,0.806,Yellow
Bagbazar Sarbojanin,21,Light Rain,9,0.8669,Yellow
College Square,21,Heavy Rain,9,0.9149,Green
Deshapriya Park,21,Clear,8,0.8051,Yellow
Kumartuli Park,21,Cloudy,7,0.6696,Yellow
Suruchi Sangha,21,Light Rain,8,0.7783,Yellow
Sreebhumi Sporting Club,21,Heavy Rain,9,0.8432,Green
Ekdalia Evergreen,21,Clear,7,0.7198,Yellow
Tridhara Sammilani,21,Cloudy,6,0.6882,Yellow
Badamtala Ashar Sangha,21,Light Rain,7,0.7457,Yellow
Naktala Udayan Sangha,21,Heavy Rain,6,0.6649,Green
Bosepukur Sitala Mandir,21,Clear,6,0.5104,Yellow
Dum Dum Park Tarun Dal,21,Cloudy,7,0.7195,Yellow
Santosh Mitra Square,21,Light Rain,8,0.8096,Yellow
Mohammad Ali Park,21,Heavy Rain,8,0.8134,Green
Jodhpur Park,21,Clear,6,0.5671,Yellow
Chetla Agrani Club,21,Cloudy,8,0.8565,Yellow
Mudiali Club,21,Light Rain,7,0.6782,Yellow
Singhi Park Sarbojanin,21,Heavy Rain,7,0.6773,Green
Ballygunge Cultural Association,21,Clear,8,0.7551,Yellow
Kashi Bose Lane,21,Cloudy,7,0.6932,Yellow
Ahiritola Sarbojanin,21,Light Rain,7,0.7388,Yellow
Behala Nutan Dal,21,Heavy Rain,7,0.7093,Green
Tala Pratyay,21,Clear,8,0.7958,Yellow
Maniktala Chaltabagan,21,Cloudy,7,0.7251,Yellow
Hatibagan Sarbojanin,21,Light Rain,8,0.8378,Yellow
Bagbazar Sarbojanin,22,Heavy Rain,9,0.9277,Green
College Square,22,Clear,9,0.8366,Yellow
Deshapriya Park,22,Cloudy,8,0.8254,Yellow
Kumartuli Park,22,Light Rain,7,0.7148,Green
Suruchi Sangha,22,Heavy Rain,8,0.7718,Green
Sreebhumi Sporting Club,22,Clear,9,0.9149,Yellow
Ekdalia Evergreen,22,Cloudy,7,0.7388,Green
Tridhara Sammilani,22,Light Rain,6,0.5796,Green
Badamtala Ashar Sangha,22,Heavy Rain,7,0.7304,Green
Naktala Udayan Sangha,22,Clear,6,0.6101,Green
Bosepukur Sitala Mandir,22,Cloudy,6,0.5039,Green
Dum Dum Park Tarun Dal,22,Light Rain,7,0.6982,Green
Santosh Mitra Square,22,Heavy Rain,8,0.8086,Green
Mohammad Ali Park,22,Clear,8,0.7887,Yellow
Jodhpur Park,22,Cloudy,6,0.6114,Green
Chetla Agrani Club,22,Light Rain,8,0.7945,Green
Mudiali Club,22,Heavy Rain,7,0.7785,Green
Singhi Park Sarbojanin,22,Clear,7,0.6864,Green
Ballygunge Cultural Association,22,Cloudy,8,0.7727,Yellow
Kashi Bose Lane,22,Light Rain,7,0.7285,Green
Ahiritola Sarbojanin,22,Heavy Rain,7,0.6905,Green
Behala Nutan Dal,22,Clear,7,0.6963,Green
Tala Pratyay,22,Cloudy,8,0.7934,Yellow
Maniktala Chaltabagan,22,Light Rain,7,0.7264,Green
Hatibagan Sarbojanin,22,Heavy Rain,8,0.7632,Green
Bagbazar Sarbojanin,23,Clear,9,0.9303,Yellow
College Square,23,Cloudy,9,0.9177,Yellow
Deshapriya Park,23,Light Rain,8,0.8625,Green
Kumartuli Park,23,Heavy Rain,7,0.7059,Green
Suruchi Sangha,23,Clear,8,0.7655,Yellow
Sreebhumi Sporting Club,23,Cloudy,9,0.9063,Yellow
Ekdalia Evergreen,23,Light Rain,7,0.7105,Green
Tridhara Sammilani,23,Heavy Rain,6,0.6422,Green
Badamtala Ashar Sangha,23,Clear,7,0.6654,Yellow
Naktala Udayan Sangha,23,Cloudy,6,0.5476,Green
Bosepukur Sitala Mandir,23,Light Rain,6,0.607,Green
Dum Dum Park Tarun Dal,23,Heavy Rain,7,0.6881,Green
Santosh Mitra Square,23,Clear,8,0.7917,Yellow
Mohammad Ali Park,23,Cloudy,8,0.7702,Green
Jodhpur Park,23,Light Rain,6,0.5975,Green
Chetla Agrani Club,23,Heavy Rain,8,0.7878,Green
Mudiali Club,23,Clear,7,0.6702,Yellow
Singhi Park Sarbojanin,23,Cloudy,7,0.7024,Green
Ballygunge Cultural Association,23,Light Rain,8,0.7538,Green
Kashi Bose Lane,23,Heavy Rain,7,0.7693,Green
Ahiritola Sarbojanin,23,Clear,7,0.6396,Green
Behala Nutan Dal,23,Cloudy,7,0.7257,Green
Tala Pratyay,23,Light Rain,8,0.8399,Green
Maniktala Chaltabagan,23,Heavy Rain,7,0.7123,Green
Hatibagan Sarbojanin,23,Clear,8,0.7843,Yellow
Bagbazar Sarbojanin,0,Clear,9,0.9009,Green
College Square,0,Cloudy,9,0.8995,Green
Deshapriya Park,0,Light Rain,8,0.7838,Green
Kumartuli Park,0,Heavy Rain,7,0.7692,Green
Suruchi Sangha,0,Clear,8,0.7801,Green
Sreebhumi Sporting Club,0,Cloudy,9,0.9024,Green
Ekdalia Evergreen,0,Light Rain,7,0.6994,Green
Tridhara Sammilani,0,Heavy Rain,6,0.6061,Green
Badamtala Ashar Sangha,0,Clear,7,0.7658,Green
Naktala Udayan Sangha,0,Cloudy,6,0.6203,Green
Bosepukur Sitala Mandir,0,Light Rain,6,0.5835,Green
Dum Dum Park Tarun Dal,0,Heavy Rain,7,0.7514,Green
Santosh Mitra Square,0,Clear,8,0.8265,Green
Mohammad Ali Park,0,Cloudy,8,0.7842,Green
Jodhpur Park,0,Light Rain,6,0.6449,Green
Chetla Agrani Club,0,Heavy Rain,8,0.754,Green
Mudiali Club,0,Clear,7,0.6619,Green
Singhi Park Sarbojanin,0,Cloudy,7,0.6435,Green
Ballygunge Cultural Association,0,Light Rain,8,0.7295,Green
Kashi Bose Lane,0,Heavy Rain,7,0.742,Green
Ahiritola Sarbojanin,0,Clear,7,0.7066,Green
Behala Nutan Dal,0,Cloudy,7,0.6462,Green
Tala Pratyay,0,Light Rain,8,0.7985,Green
Maniktala Chaltabagan,0,Heavy Rain,7,0.7316,Green
Hatibagan Sarbojanin,0,Clear,8,0.7742,Green
Bagbazar Sarbojanin,1,Cloudy,9,0.8888,Green
College Square,1,Light Rain,9,0.9713,Green
Deshapriya Park,1,Heavy Rain,8,0.7918,Green
Kumartuli Park,1,Clear,7,0.6487,Green
Suruchi Sangha,1,Cloudy,8,0.7815,Green
Sreebhumi Sporting Club,1,Light Rain,9,0.8441,Green
Ekdalia Evergreen,1,Heavy Rain,7,0.7233,Green
Tridhara Sammilani,1,Clear,6,0.5695,Green
Badamtala Ashar Sangha,1,Cloudy,7,0.6685,Green
Naktala Udayan Sangha,1,Light Rain,6,0.6754,Green
Bosepukur Sitala Mandir,1,Heavy Rain,6,0.5584,Green
Dum Dum Park Tarun Dal,1,Clear,7,0.6527,Green
Santosh Mitra Square,1,Cloudy,8,0.7636,Green
Mohammad Ali Park,1,Light Rain,8,0.8328,Green
Jodhpur Park,1,Heavy Rain,6,0.6183,Green
Chetla Agrani Club,1,Clear,8,0.7811,Green
Mudiali Club,1,Cloudy,7,0.678,Green
Singhi Park Sarbojanin,1,Light Rain,7,0.7154,Green
Ballygunge Cultural Association,1,Heavy Rain,8,0.8079,Green
Kashi Bose Lane,1,Clear,7,0.694,Green
Ahiritola Sarbojanin,1,Cloudy,7,0.7196,Green
Behala Nutan Dal,1,Light Rain,7,0.6614,Green
Tala Pratyay,1,Heavy Rain,8,0.7701,Green
Maniktala Chaltabagan,1,Clear,7,0.7215,Green
Hatibagan Sarbojanin,1,Cloudy,8,0.8108,Green
Bagbazar Sarbojanin,2,Light Rain,9,0.8271,Green
College Square,2,Heavy Rain,9,0.9009,Green
Deshapriya Park,2,Clear,8,0.8737,Green
Kumartuli Park,2,Cloudy,7,0.7275,Green
Suruchi Sangha,2,Light Rain,8,0.782,Green
Sreebhumi Sporting Club,2,Heavy Rain,9,0.8729,Green
Ekdalia Evergreen,2,Clear,7,0.7125,Green
Tridhara Sammilani,2,Cloudy,6,0.6419,Green
Badamtala Ashar Sangha,2,Light Rain,7,0.6395,Green
Naktala Udayan Sangha,2,Heavy Rain,6,0.6098,Green
Bosepukur Sitala Mandir,2,Clear,6,0.5882,Green
Dum Dum Park Tarun Dal,2,Cloudy,7,0.7065,Green
Santosh Mitra Square,2,Light Rain,8,0.7505,Green
Mohammad Ali Park,2,Heavy Rain,8,0.8419,Green
Jodhpur Park,2,Clear,6,0.6523,Green
Chetla Agrani Club,2,Cloudy,8,0.8239,Green
Mudiali Club,2,Light Rain,7,0.7606,Green
Singhi Park Sarbojanin,2,Heavy Rain,7,0.6865,Green
Ballygunge Cultural Association,2,Clear,8,0.809,Green
Kashi Bose Lane,2,Cloudy,7,0.7245,Green
Ahiritola Sarbojanin,2,Light Rain,7,0.713,Green
Behala Nutan Dal,2,Heavy Rain,7,0.6907,Green
Tala Pratyay,2,Clear,8,0.7944,Green
Maniktala Chaltabagan,2,Cloudy,7,0.7485,Green
Hatibagan Sarbojanin,2,Light Rain,8,0.7991,Green
Bagbazar Sarbojanin,3,Heavy Rain,9,0.9395,Green
College Square,3,Clear,9,0.8973,Green
Deshapriya Park,3,Cloudy,8,0.8393,Green
Kumartuli Park,3,Light Rain,7,0.7028,Green
Suruchi Sangha,3,Heavy Rain,8,0.8213,Green
Sreebhumi Sporting Club,3,Clear,9,0.8768,Green
Ekdalia Evergreen,3,Cloudy,7,0.7089,Green
Tridhara Sammilani,3,Light Rain,6,0.5773,Green
Badamtala Ashar Sangha,3,Heavy Rain,7,0.6857,Green
Naktala Udayan Sangha,3,Clear,6,0.5884,Green
Bosepukur Sitala Mandir,3,Cloudy,6,0.5938,Green
Dum Dum Park Tarun Dal,3,Light Rain,7,0.7346,Green
Santosh Mitra Square,3,Heavy Rain,8,0.7844,Green
Mohammad Ali Park,3,Clear,8,0.8052,Green
Jodhpur Park,3,Cloudy,6,0.6394,Green
Chetla Agrani Club,3,Light Rain,8,0.8205,Green
Mudiali Club,3,Heavy Rain,7,0.6401,Green
Singhi Park Sarbojanin,3,Clear,7,0.6496,Green
Ballygunge Cultural Association,3,Cloudy,8,0.8136,Green
Kashi Bose Lane,3,Light Rain,7,0.6827,Green
Ahiritola Sarbojanin,3,Heavy Rain,7,0.6454,Green
Behala Nutan Dal,3,Clear,7,0.6803,Green
Tala Pratyay,3,Cloudy,8,0.815,Green
Maniktala Chaltabagan,3,Light Rain,7,0.688,Green
Hatibagan Sarbojanin,3,Heavy Rain,8,0.8017,Green
Bagbazar Sarbojanin,4,Clear,9,0.891,Green
College Square,4,Cloudy,9,0.8756,Green
Deshapriya Park,4,Light Rain,8,0.8082,Green
Kumartuli Park,4,Heavy Rain,7,0.6422,Green
Suruchi Sangha,4,Clear,8,0.7715,Green
Sreebhumi Sporting Club,4,Cloudy,9,0.9273,Green
Ekdalia Evergreen,4,Light Rain,7,0.6506,Green
Tridhara Sammilani,4,Heavy Rain,6,0.6123,Green
Badamtala Ashar Sangha,4,Clear,7,0.6673,Green
Naktala Udayan Sangha,4,Cloudy,6,0.5583,Green
Bosepukur Sitala Mandir,4,Light Rain,6,0.5728,Green
Dum Dum Park Tarun Dal,4,Heavy Rain,7,0.686,Green
Santosh Mitra Square,4,Clear,8,0.7851,Green
Mohammad Ali Park,4,Cloudy,8,0.7958,Green
Jodhpur Park,4,Light Rain,6,0.6289,Green
Chetla Agrani Club,4,Heavy Rain,8,0.8407,Green
Mudiali Club,4,Clear,7,0.7438,Green
Singhi Park Sarbojanin,4,Cloudy,7,0.7355,Green
Ballygunge Cultural Association,4,Light Rain,8,0.825,Green
Kashi Bose Lane,4,Heavy Rain,7,0.6422,Green
Ahiritola Sarbojanin,4,Clear,7,0.7002,Green
Behala Nutan Dal,4,Cloudy,7,0.7132,Green
Tala Pratyay,4,Light Rain,8,0.7256,Green
Maniktala Chaltabagan,4,Heavy Rain,7,0.7316,Green
Hatibagan Sarbojanin,4,Clear,8,0.7999,Green
Bagbazar Sarbojanin,5,Cloudy,9,0.9147,Green
College Square,5,Light Rain,9,0.9383,Green
Deshapriya Park,5,Heavy Rain,8,0.8011,Green
Kumartuli Park,5,Clear,7,0.6905,Green
Suruchi Sangha,5,Cloudy,8,0.8026,Green
Sreebhumi Sporting Club,5,Light Rain,9,0.8633,Green
Ekdalia Evergreen,5,Heavy Rain,7,0.6658,Green
Tridhara Sammilani,5,Clear,6,0.5897,Green
Badamtala Ashar Sangha,5,Cloudy,7,0.6258,Green
Naktala Udayan Sangha,5,Light Rain,6,0.5763,Green
Bosepukur Sitala Mandir,5,Heavy Rain,6,0.5833,Green
Dum Dum Park Tarun Dal,5,Clear,7,0.767,Green
Santosh Mitra Square,5,Cloudy,8,0.8434,Green
Mohammad Ali Park,5,Light Rain,8,0.8145,Green
Jodhpur Park,5,Heavy Rain,6,0.6297,Green
Chetla Agrani Club,5,Clear,8,0.7656,Green
Mudiali Club,5,Cloudy,7,0.7035,Green
Singhi Park Sarbojanin,5,Light Rain,7,0.7249,Green
Ballygunge Cultural Association,5,Heavy Rain,8,0.7658,Green
Kashi Bose Lane,5,Clear,7,0.6497,Green
Ahiritola Sarbojanin,5,Cloudy,7,0.7107,Green
Behala Nutan Dal,5,Light Rain,7,0.6531,Green
Tala Pratyay,5,Heavy Rain,8,0.8178,Green
Maniktala Chaltabagan,5,Clear,7,0.7376,Green
Hatibagan Sarbojanin,5,Cloudy,8,0.7669,Green
Bagbazar Sarbojanin,6,Light Rain,9,0.8693,Green
College Square,6,Heavy Rain,9,0.9365,Green
Deshapriya Park,6,Clear,8,0.8013,Green
Kumartuli Park,6,Cloudy,7,0.7312,Green
Suruchi Sangha,6,Light Rain,8,0.7909,Green
Sreebhumi Sporting Club,6,Heavy Rain,9,0.8934,Green
Ekdalia Evergreen,6,Clear,7,0.7004,Green
Tridhara Sammilani,6,Cloudy,6,0.6576,Green
Badamtala Ashar Sangha,6,Light Rain,7,0.7281,Green
Naktala Udayan Sangha,6,Heavy Rain,6,0.5752,Green
Bosepukur Sitala Mandir,6,Clear,6,0.606,Green
Dum Dum Park Tarun Dal,6,Cloudy,7,0.6885,Green
Santosh Mitra Square,6,Light Rain,8,0.7821,Green
Mohammad Ali Park,6,Heavy Rain,8,0.8168,Green
Jodhpur Park,6,Clear,6,0.6092,Green
Chetla Agrani Club,6,Cloudy,8,0.7672,Green
Mudiali Club,6,Light Rain,7,0.7005,Green
Singhi Park Sarbojanin,6,Heavy Rain,7,0.6811,Green
Ballygunge Cultural Association,6,Clear,8,0.8145,Green
Kashi Bose Lane,6,Cloudy,7,0.6797,Green
Ahiritola Sarbojanin,6,Light Rain,7,0.6936,Green
Behala Nutan Dal,6,Heavy Rain,7,0.683,Green
Tala Pratyay,6,Clear,8,0.7411,Green
Maniktala Chaltabagan,6,Cloudy,7,0.7555,Green
Hatibagan Sarbojanin,6,Light Rain,8,0.8001,Green
Bagbazar Sarbojanin,7,Heavy Rain,9,0.957,Green
College Square,7,Clear,9,0.9016,Green
Deshapriya Park,7,Cloudy,8,0.8232,Green
Kumartuli Park,7,Light Rain,7,0.6773,Green
Suruchi Sangha,7,Heavy Rain,8,0.7782,Green
Sreebhumi Sporting Club,7,Clear,9,0.8981,Green
Ekdalia Evergreen,7,Cloudy,7,0.7566,Green
Tridhara Sammilani,7,Light Rain,6,0.5683,Green
Badamtala Ashar Sangha,7,Heavy Rain,7,0.6339,Green
Naktala Udayan Sangha,7,Clear,6,0.6356,Green
Bosepukur Sitala Mandir,7,Cloudy,6,0.6254,Green
Dum Dum Park Tarun Dal,7,Light Rain,7,0.6849,Green
Santosh Mitra Square,7,Heavy Rain,8,0.8721,Green
Mohammad Ali Park,7,Clear,8,0.874,Green
Jodhpur Park,7,Cloudy,6,0.5391,Green
Chetla Agrani Club,7,Light Rain,8,0.7766,Green
Mudiali Club,7,Heavy Rain,7,0.6979,Green
Singhi Park Sarbojanin,7,Clear,7,0.6623,Green
Ballygunge Cultural Association,7,Cloudy,8,0.8216,Green
Kashi Bose Lane,7,Light Rain,7,0.7039,Green
Ahiritola Sarbojanin,7,Heavy Rain,7,0.7037,Green
Behala Nutan Dal,7,Clear,7,0.7115,Green
Tala Pratyay,7,Cloudy,8,0.8494,Green
Maniktala Chaltabagan,7,Light Rain,7,0.7025,Green
Hatibagan Sarbojanin,7,Heavy Rain,8,0.779,Green
Bagbazar Sarbojanin,8,Clear,9,0.9088,Green
College Square,8,Cloudy,9,0.8672,Green
Deshapriya Park,8,Light Rain,8,0.7422,Green
Kumartuli Park,8,Heavy Rain,7,0.6486,Green
Suruchi Sangha,8,Clear,8,0.7862,Green
Sreebhumi Sporting Club,8,Cloudy,9,0.9133,Green
Ekdalia Evergreen,8,Light Rain,7,0.6808,Green
Tridhara Sammilani,8,Heavy Rain,6,0.6188,Green
Badamtala Ashar Sangha,8,Clear,7,0.6726,Green
Naktala Udayan Sangha,8,Cloudy,6,0.6309,Green
Bosepukur Sitala Mandir,8,Light Rain,6,0.6324,Green
Dum Dum Park Tarun Dal,8,Heavy Rain,7,0.7474,Green
Santosh Mitra Square,8,Clear,8,0.8354,Green
Mohammad Ali Park,8,Cloudy,8,0.8017,Green
Jodhpur Park,8,Light Rain,6,0.6129,Green
Chetla Agrani Club,8,Heavy Rain,8,0.8304,Green
Mudiali Club,8,Clear,7,0.681,Green
Singhi Park Sarbojanin,8,Cloudy,7,0.6781,Green
Ballygunge Cultural Association,8,Light Rain,8,0.7691,Green
Kashi Bose Lane,8,Heavy Rain,7,0.6742,Green
Ahiritola Sarbojanin,8,Clear,7,0.7297,Green
Behala Nutan Dal,8,Cloudy,7,0.7276,Green
Tala Pratyay,8,Light Rain,8,0.8369,Green
Maniktala Chaltabagan,8,Heavy Rain,7,0.8134,Green
Hatibagan Sarbojanin,8,Clear,8,0.8114,Green
Bagbazar Sarbojanin,9,Cloudy,9,0.8966,Green
College Square,9,Light Rain,9,0.9598,Green
Deshapriya Park,9,Heavy Rain,8,0.8275,Green
Kumartuli Park,9,Clear,7,0.7171,Green
Suruchi Sangha,9,Cloudy,8,0.7479,Green
Sreebhumi Sporting Club,9,Light Rain,9,0.9183,Green
Ekdalia Evergreen,9,Heavy Rain,7,0.7174,Green
Tridhara Sammilani,9,Clear,6,0.5655,Green
Badamtala Ashar Sangha,9,Cloudy,7,0.6473,Green
Naktala Udayan Sangha,9,Light Rain,6,0.6259,Green
Bosepukur Sitala Mandir,9,Heavy Rain,6,0.6305,Green
Dum Dum Park Tarun Dal,9,Clear,7,0.6783,Green
Santosh Mitra Square,9,Cloudy,8,0.7769,Green
Mohammad Ali Park,9,Light Rain,8,0.8043,Green
Jodhpur Park,9,Heavy Rain,6,0.5846,Green
Chetla Agrani Club,9,Clear,8,0.7466,Green
Mudiali Club,9,Cloudy,7,0.6652,Green
Singhi Park Sarbojanin,9,Light Rain,7,0.7104,Green
Ballygunge Cultural Association,9,Heavy Rain,8,0.7669,Green
Kashi Bose Lane,9,Clear,7,0.7325,Green
Ahiritola Sarbojanin,9,Cloudy,7,0.7168,Green
Behala Nutan Dal,9,Light Rain,7,0.7119,Green
Tala Pratyay,9,Heavy Rain,8,0.8036,Green
Maniktala Chaltabagan,9,Clear,7,0.6741,Green
Hatibagan Sarbojanin,9,Cloudy,8,0.8217,Green
Bagbazar Sarbojanin,10,Light Rain,9,0.8732,Green
College Square,10,Heavy Rain,9,0.9346,Green
Deshapriya Park,10,Clear,8,0.8529,Green
Kumartuli Park,10,Cloudy,7,0.7047,Green
Suruchi Sangha,10,Light Rain,8,0.8473,Green
Sreebhumi Sporting Club,10,Heavy Rain,9,0.8656,Green
Ekdalia Evergreen,10,Clear,7,0.7172,Green
Tridhara Sammilani,10,Cloudy,6,0.5991,Green
Badamtala Ashar Sangha,10,Light Rain,7,0.7266,Green
Naktala Udayan Sangha,10,Heavy Rain,6,0.5324,Green
Bosepukur Sitala Mandir,10,Clear,6,0.6243,Green
Dum Dum Park Tarun Dal,10,Cloudy,7,0.6771,Green
Santosh Mitra Square,10,Light Rain,8,0.8008,Green
Mohammad Ali Park,10,Heavy Rain,8,0.8708,Green
Jodhpur Park,10,Clear,6,0.6184,Green
Chetla Agrani Club,10,Cloudy,8,0.8136,Green
Mudiali Club,10,Light Rain,7,0.7106,Green
Singhi Park Sarbojanin,10,Heavy Rain,7,0.7386,Green
Ballygunge Cultural Association,10,Clear,8,0.8279,Green
Kashi Bose Lane,10,Cloudy,7,0.711,Green
Ahiritola Sarbojanin,10,Light Rain,7,0.7066,Green
Behala Nutan Dal,10,Heavy Rain,7,0.7042,Green
Tala Pratyay,10,Clear,8,0.7972,Green
Maniktala Chaltabagan,10,Cloudy,7,0.6585,Green
Hatibagan Sarbojanin,10,Light Rain,8,0.8176,Green
Bagbazar Sarbojanin,11,Heavy Rain,9,0.8802,Green
College Square,11,Clear,9,0.9347,Green
Deshapriya Park,11,Cloudy,8,0.7998,Green
Kumartuli Park,11,Light Rain,7,0.6322,Green
Suruchi Sangha,11,Heavy Rain,8,0.785,Green
Sreebhumi Sporting Club,11,Clear,9,0.8824,Green
Ekdalia Evergreen,11,Cloudy,7,0.7673,Green
Tridhara Sammilani,11,Light Rain,6,0.6102,Green
Badamtala Ashar Sangha,11,Heavy Rain,7,0.6807,Green
Naktala Udayan Sangha,11,Clear,6,0.6002,Green
Bosepukur Sitala Mandir,11,Cloudy,6,0.6263,Green
Dum Dum Park Tarun Dal,11,Light Rain,7,0.6977,Green
Santosh Mitra Square,11,Heavy Rain,8,0.8027,Green
Mohammad Ali Park,11,Clear,8,0.7995,Green
Jodhpur Park,11,Cloudy,6,0.5912,Green
Chetla Agrani Club,11,Light Rain,8,0.8429,Green
Mudiali Club,11,Heavy Rain,7,0.6766,Green
Singhi Park Sarbojanin,11,Clear,7,0.7535,Green
Ballygunge Cultural Association,11,Cloudy,8,0.7562,Green
Kashi Bose Lane,11,Light Rain,7,0.6674,Green
Ahiritola Sarbojanin,11,Heavy Rain,7,0.7562,Green
Behala Nutan Dal,11,Clear,7,0.6433,Green
Tala Pratyay,11,Cloudy,8,0.8101,Green
Maniktala Chaltabagan,11,Light Rain,7,0.7153,Green
Hatibagan Sarbojanin,11,Heavy Rain,8,0.7383,Green
Bagbazar Sarbojanin,12,Clear,9,0.8891,Green
College Square,12,Cloudy,9,0.8537,Green
Deshapriya Park,12,Light Rain,8,0.8083,Green
Kumartuli Park,12,Heavy Rain,7,0.6445,Green
Suruchi Sangha,12,Clear,8,0.762,Green
Sreebhumi Sporting Club,12,Cloudy,9,0.9272,Green
Ekdalia Evergreen,12,Light Rain,7,0.6813,Green
Tridhara Sammilani,12,Heavy Rain,6,0.6476,Green
Badamtala Ashar Sangha,12,Clear,7,0.7214,Green
Naktala Udayan Sangha,12,Cloudy,6,0.5909,Green
Bosepukur Sitala Mandir,12,Light Rain,6,0.633,Green
Dum Dum Park Tarun Dal,12,Heavy Rain,7,0.6938,Green
Santosh Mitra Square,12,Clear,8,0.825,Green
Mohammad Ali Park,12,Cloudy,8,0.776,Green
Jodhpur Park,12,Light Rain,6,0.6352,Green
Chetla Agrani Club,12,Heavy Rain,8,0.7472,Green
Mudiali Club,12,Clear,7,0.662,Green
Singhi Park Sarbojanin,12,Cloudy,7,0.6672,Green
Ballygunge Cultural Association,12,Light Rain,8,0.7794,Green
Kashi Bose Lane,12,Heavy Rain,7,0.7113,Green
Ahiritola Sarbojanin,12,Clear,7,0.6998,Green
Behala Nutan Dal,12,Cloudy,7,0.7255,Green
Tala Pratyay,12,Light Rain,8,0.8407,Green
Maniktala Chaltabagan,12,Heavy Rain,7,0.6439,Green
Hatibagan Sarbojanin,12,Clear,8,0.8454,Green
Bagbazar Sarbojanin,13,Cloudy,9,0.893,Green
College Square,13,Light Rain,9,0.9615,Green
Deshapriya Park,13,Heavy Rain,8,0.7746,Green
Kumartuli Park,13,Clear,7,0.635,Green
Suruchi Sangha,13,Cloudy,8,0.8218,Green
Sreebhumi Sporting Club,13,Light Rain,9,0.9195,Green
Ekdalia Evergreen,13,Heavy Rain,7,0.6628,Green
Tridhara Sammilani,13,Clear,6,0.5659,Green
Badamtala Ashar Sangha,13,Cloudy,7,0.7282,Green
Naktala Udayan Sangha,13,Light Rain,6,0.613,Green
Bosepukur Sitala Mandir,13,Heavy Rain,6,0.5896,Green
Dum Dum Park Tarun Dal,13,Clear,7,0.7166,Green
Santosh Mitra Square,13,Cloudy,8,0.8094,Green
Mohammad Ali Park,13,Light Rain,8,0.7691,Green
Jodhpur Park,13,Heavy Rain,6,0.631,Green
Chetla Agrani Club,13,Clear,8,0.8235,Green
Mudiali Club,13,Cloudy,7,0.7006,Green
Singhi Park Sarbojanin,13,Light Rain,7,0.7283,Green
Ballygunge Cultural Association,13,Heavy Rain,8,0.8668,Green
Kashi Bose Lane,13,Clear,7,0.6655,Green
Ahiritola Sarbojanin,13,Cloudy,7,0.6911,Green
Behala Nutan Dal,13,Light Rain,7,0.6927,Green
Tala Pratyay,13,Heavy Rain,8,0.8274,Green
Maniktala Chaltabagan,13,Clear,7,0.679,Green
Hatibagan Sarbojanin,13,Cloudy,8,0.8253,Green
Bagbazar Sarbojanin,14,Light Rain,9,0.8827,Green
College Square,14,Heavy Rain,9,0.8618,Green
Deshapriya Park,14,Clear,8,0.8026,Green
Kumartuli Park,14,Cloudy,7,0.682,Green
Suruchi Sangha,14,Light Rain,8,0.806,Green
Sreebhumi Sporting Club,14,Heavy Rain,9,0.9141,Green
Ekdalia Evergreen,14,Clear,7,0.6461,Green
Tridhara Sammilani,14,Cloudy,6,0.5857,Green
Badamtala Ashar Sangha,14,Light Rain,7,0.7026,Green
Naktala Udayan Sangha,14,Heavy Rain,6,0.6284,Green
Bosepukur Sitala Mandir,14,Clear,6,0.6237,Green
Dum Dum Park Tarun Dal,14,Cloudy,7,0.6718,Green
Santosh Mitra Square,14,Light Rain,8,0.7944,Green
Mohammad Ali Park,14,Heavy Rain,8,0.8159,Green
Jodhpur Park,14,Clear,6,0.592,Green
Chetla Agrani Club,14,Cloudy,8,0.7748,Green
Mudiali Club,14,Light Rain,7,0.6985,Green
Singhi Park Sarbojanin,14,Heavy Rain,7,0.7125,Green
Ballygunge Cultural Association,14,Clear,8,0.7687,Green
Kashi Bose Lane,14,Cloudy,7,0.7198,Green
Ahiritola Sarbojanin,14,Light Rain,7,0.7046,Green
Behala Nutan Dal,14,Heavy Rain,7,0.7211,Green
Tala Pratyay,14,Clear,8,0.7977,Yellow
Maniktala Chaltabagan,14,Cloudy,7,0.76,Green
Hatibagan Sarbojanin,14,Light Rain,8,0.8118,Green
Bagbazar Sarbojanin,15,Heavy Rain,9,0.9252,Green
College Square,15,Clear,9,0.9196,Yellow
Deshapriya Park,15,Cloudy,8,0.7939,Green
Kumartuli Park,15,Light Rain,7,0.7086,Green
Suruchi Sangha,15,Heavy Rain,8,0.7797,Green
Sreebhumi Sporting Club,15,Clear,9,0.9569,Yellow
Ekdalia Evergreen,15,Cloudy,7,0.7157,Green
Tridhara Sammilani,15,Light Rain,6,0.5729,Green
Badamtala Ashar Sangha,15,Heavy Rain,7,0.7469,Green
Naktala Udayan Sangha,15,Clear,6,0.5956,Green
Bosepukur Sitala Mandir,15,Cloudy,6,0.6303,Green
Dum Dum Park Tarun Dal,15,Light Rain,7,0.6453,Green
Santosh Mitra Square,15,Heavy Rain,8,0.8394,Green
Mohammad Ali Park,15,Clear,8,0.8142,Green
Jodhpur Park,15,Cloudy,6,0.5704,Green
Chetla Agrani Club,15,Light Rain,8,0.8136,Green
Mudiali Club,15,Heavy Rain,7,0.7526,Green
Singhi Park Sarbojanin,15,Clear,7,0.6807,Green
Ballygunge Cultural Association,15,Cloudy,8,0.7802,Green
Kashi Bose Lane,15,Light Rain,7,0.6934,Green
Ahiritola Sarbojanin,15,Heavy Rain,7,0.7023,Green
Behala Nutan Dal,15,Clear,7,0.7327,Green
Tala Pratyay,15,Cloudy,8,0.8161,Green
Maniktala Chaltabagan,15,Light Rain,7,0.6934,Green
Hatibagan Sarbojanin,15,Heavy Rain,8,0.8101,Green
Bagbazar Sarbojanin,16,Clear,9,0.9591,Yellow
College Square,16,Cloudy,9,0.9221,Yellow
Deshapriya Park,16,Light Rain,8,0.7969,Green
Kumartuli Park,16,Heavy Rain,7,0.6924,Green
Suruchi Sangha,16,Clear,8,0.808,Yellow
Sreebhumi Sporting Club,16,Cloudy,9,0.9322,Green
Ekdalia Evergreen,16,Light Rain,7,0.6761,Green
Tridhara Sammilani,16,Heavy Rain,6,0.627,Green
Badamtala Ashar Sangha,16,Clear,7,0.6962,Green
Naktala Udayan Sangha,16,Cloudy,6,0.6011,Green
Bosepukur Sitala Mandir,16,Light Rain,6,0.6887,Green
Dum Dum Park Tarun Dal,16,Heavy Rain,7,0.7232,Green
Santosh Mitra Square,16,Clear,8,0.783,Yellow
Mohammad Ali Park,16,Cloudy,8,0.8141,Green
Jodhpur Park,16,Light Rain,6,0.6236,Green
Chetla Agrani Club,16,Heavy Rain,8,0.7301,Green
Mudiali Club,16,Clear,7,0.603,Green
Singhi Park Sarbojanin,16,Cloudy,7,0.6997,Green
Ballygunge Cultural Association,16,Light Rain,8,0.8156,Green
Kashi Bose Lane,16,Heavy Rain,7,0.7127,Green
Ahiritola Sarbojanin,16,Clear,7,0.6856,Green
Behala Nutan Dal,16,Cloudy,7,0.7242,Green
Tala Pratyay,16,Light Rain,8,0.8395,Green
Maniktala Chaltabagan,16,Heavy Rain,7,0.647,Green
Hatibagan Sarbojanin,16,Clear,8,0.7442,Green
Bagbazar Sarbojanin,17,Cloudy,9,0.9138,Green
College Square,17,Light Rain,9,0.9272,Green
Deshapriya Park,17,Heavy Rain,8,0.7808,Green
Kumartuli Park,17,Clear,7,0.6318,Green
Suruchi Sangha,17,Cloudy,8,0.8003,Green
Sreebhumi Sporting Club,17,Light Rain,9,0.9133,Green
Ekdalia Evergreen,17,Heavy Rain,7,0.6907,Green
Tridhara Sammilani,17,Clear,6,0.6351,Green
Badamtala Ashar Sangha,17,Cloudy,7,0.7111,Green
Naktala Udayan Sangha,17,Light Rain,6,0.5774,Green
Bosepukur Sitala Mandir,17,Heavy Rain,6,0.5806,Green
Dum Dum Park Tarun Dal,17,Clear,7,0.701,Green
Santosh Mitra Square,17,Cloudy,8,0.7885,Green
Mohammad Ali Park,17,Light Rain,8,0.7424,Green
Jodhpur Park,17,Heavy Rain,6,0.6081,Green
Chetla Agrani Club,17,Clear,8,0.7814,Yellow
Mudiali Club,17,Cloudy,7,0.6867,Green
Singhi Park Sarbojanin,17,Light Rain,7,0.6652,Green
Ballygunge Cultural Association,17,Heavy Rain,8,0.8536,Green
Kashi Bose Lane,17,Clear,7,0.721,Green
Ahiritola Sarbojanin,17,Cloudy,7,0.7634,Green
Behala Nutan Dal,17,Light Rain,7,0.6906,Green
Tala Pratyay,17,Heavy Rain,8,0.8231,Green
Maniktala Chaltabagan,17,Clear,7,0.7087,Green
Hatibagan Sarbojanin,17,Cloudy,8,0.7786,Green
Bagbazar Sarbojanin,18,Light Rain,9,0.8902,Yellow
College Square,18,Heavy Rain,9,0.921,Green
Deshapriya Park,18,Clear,8,0.7652,Yellow
Kumartuli Park,18,Cloudy,7,0.7354,Yellow
Suruchi Sangha,18,Light Rain,8,0.8058,Green
Sreebhumi Sporting Club,18,Heavy Rain,9,0.9304,Green
Ekdalia Evergreen,18,Clear,7,0.7134,Yellow
Tridhara Sammilani,18,Cloudy,6,0.5472,Green
Badamtala Ashar Sangha,18,Light Rain,7,0.6997,Green
Naktala Udayan Sangha,18,Heavy Rain,6,0.6363,Green
Bosepukur Sitala Mandir,18,Clear,6,0.6053,Yellow
Dum Dum Park Tarun Dal,18,Cloudy,7,0.7006,Yellow
Santosh Mitra Square,18,Light Rain,8,0.8053,Green
Mohammad Ali Park,18,Heavy Rain,8,0.7401,Green
Jodhpur Park,18,Clear,6,0.6402,Green
Chetla Agrani Club,18,Cloudy,8,0.7245,Yellow
Mudiali Club,18,Light Rain,7,0.748,Green
Singhi Park Sarbojanin,18,Heavy Rain,7,0.6882,Green
Ballygunge Cultural Association,18,Clear,8,0.8158,Yellow
Kashi Bose Lane,18,Cloudy,7,0.6376,Yellow
Ahiritola Sarbojanin,18,Light Rain,7,0.7268,Green
Behala Nutan Dal,18,Heavy Rain,7,0.7204,Green
Tala Pratyay,18,Clear,8,0.8182,Yellow
Maniktala Chaltabagan,18,Cloudy,7,0.6363,Yellow
Hatibagan Sarbojanin,18,Light Rain,8,0.7742,Green
Bagbazar Sarbojanin,19,Heavy Rain,9,0.9136,Green
College Square,19,Clear,9,0.9391,Yellow
Deshapriya Park,19,Cloudy,8,0.7695,Yellow
Kumartuli Park,19,Light Rain,7,0.6703,Green
Suruchi Sangha,19,Heavy Rain,8,0.8113,Green
Sreebhumi Sporting Club,19,Clear,9,0.9844,Yellow
Ekdalia Evergreen,19,Cloudy,7,0.6792,Yellow
Tridhara Sammilani,19,Light Rain,6,0.5878,Green
Badamtala Ashar Sangha,19,Heavy Rain,7,0.683,Green
Naktala Udayan Sangha,19,Clear,6,0.5963,Yellow
Bosepukur Sitala Mandir,19,Cloudy,6,0.6421,Green
Dum Dum Park Tarun Dal,19,Light Rain,7,0.6981,Green
Santosh Mitra Square,19,Heavy Rain,8,0.8888,Green
Mohammad Ali Park,19,Clear,8,0.8041,Yellow
Jodhpur Park,19,Cloudy,6,0.6459,Green
Chetla Agrani Club,19,Light Rain,8,0.7903,Green
Mudiali Club,19,Heavy Rain,7,0.6586,Green
Singhi Park Sarbojanin,19,Clear,7,0.698,Yellow
Ballygunge Cultural Association,19,Cloudy,8,0.8188,Yellow
Kashi Bose Lane,19,Light Rain,7,0.6745,Green
Ahiritola Sarbojanin,19,Heavy Rain,7,0.7394,Green
Behala Nutan Dal,19,Clear,7,0.6845,Yellow
Tala Pratyay,19,Cloudy,8,0.7652,Yellow
Maniktala Chaltabagan,19,Light Rain,7,0.7795,Green
Hatibagan Sarbojanin,19,Heavy Rain,8,0.7729,Green
Bagbazar Sarbojanin,20,Clear,9,0.8835,Yellow
College Square,20,Cloudy,9,0.9245,Yellow
Deshapriya Park,20,Light Rain,8,0.7891,Green
Kumartuli Park,20,Heavy Rain,7,0.6663,Green
Suruchi Sangha,20,Clear,8,0.7803,Yellow
Sreebhumi Sporting Club,20,Cloudy,9,0.9662,Yellow
Ekdalia Evergreen,20,Light Rain,7,0.72,Green
Tridhara Sammilani,20,Heavy Rain,6,0.627,Green
Badamtala Ashar Sangha,20,Clear,7,0.7095,Yellow
Naktala Udayan Sangha,20,Cloudy,6,0.6153,Green
Bosepukur Sitala Mandir,20,Light Rain,6,0.5866,Green
Dum Dum Park Tarun Dal,20,Heavy Rain,7,0.7051,Green
Santosh Mitra Square,20,Clear,8,0.7338,Yellow
Mohammad Ali Park,20,Cloudy,8,0.8338,Yellow
Jodhpur Park,20,Light Rain,6,0.5863,Green
Chetla Agrani Club,20,Heavy Rain,8,0.7612,Green
Mudiali Club,20,Clear,7,0.7071,Yellow
Singhi Park Sarbojanin,20,Cloudy,7,0.6939,Green
Ballygunge Cultural Association,20,Light Rain,8,0.8324,Green
Kashi Bose Lane,20,Heavy Rain,7,0.6988,Green
Ahiritola Sarbojanin,20,Clear,7,0.6796,Yellow
Behala Nutan Dal,20,Cloudy,7,0.6996,Yellow
Tala Pratyay,20,Light Rain,8,0.8504,Yellow
Maniktala Chaltabagan,20,Heavy Rain,7,0.7337,Green
Hatibagan Sarbojanin,20,Clear,8,0.8199,Yellow
Bagbazar Sarbojanin,21,Cloudy,9,0.9353,Yellow
College Square,21,Light Rain,9,0.9227,Yellow
Deshapriya Park,21,Heavy Rain,8,0.7705,Green
Kumartuli Park,21,Clear,7,0.7273,Yellow
Suruchi Sangha,21,Cloudy,8,0.8398,Yellow
Sreebhumi Sporting Club,21,Light Rain,9,0.942,Yellow
Ekdalia Evergreen,21,Heavy Rain,7,0.6637,Green
Tridhara Sammilani,21,Clear,6,0.5787,Green
Badamtala Ashar Sangha,21,Cloudy,7,0.6899,Yellow
Naktala Udayan Sangha,21,Light Rain,6,0.6161,Green
Bosepukur Sitala Mandir,21,Heavy Rain,6,0.6062,Green
Dum Dum Park Tarun Dal,21,Clear,7,0.7062,Yellow
Santosh Mitra Square,21,Cloudy,8,0.7552,Yellow
Mohammad Ali Park,21,Light Rain,8,0.7824,Green
Jodhpur Park,21,Heavy Rain,6,0.6448,Green
Chetla Agrani Club,21,Clear,8,0.8396,Yellow
Mudiali Club,21,Cloudy,7,0.6982,Yellow
Singhi Park Sarbojanin,21,Light Rain,7,0.7274,Green
Ballygunge Cultural Association,21,Heavy Rain,8,0.8129,Green
Kashi Bose Lane,21,Clear,7,0.7314,Yellow
Ahiritola Sarbojanin,21,Cloudy,7,0.729,Yellow
Behala Nutan Dal,21,Light Rain,7,0.7699,Green
Tala Pratyay,21,Heavy Rain,8,0.8009,Green
Maniktala Chaltabagan,21,Clear,7,0.7202,Yellow
Hatibagan Sarbojanin,21,Cloudy,8,0.8152,Yellow
Bagbazar Sarbojanin,22,Light Rain,9,0.9018,Green
College Square,22,Heavy Rain,9,0.8943,Green
Deshapriya Park,22,Clear,8,0.8601,Green
Kumartuli Park,22,Cloudy,7,0.7018,Green
Suruchi Sangha,22,Light Rain,8,0.8251,Green
Sreebhumi Sporting Club,22,Heavy Rain,9,0.9569,Green
Ekdalia Evergreen,22,Clear,7,0.7201,Green
Tridhara Sammilani,22,Cloudy,6,0.6185,Green
Badamtala Ashar Sangha,22,Light Rain,7,0.702,Green
Naktala Udayan Sangha,22,Heavy Rain,6,0.6158,Green
Bosepukur Sitala Mandir,22,Clear,6,0.5915,Green
Dum Dum Park Tarun Dal,22,Cloudy,7,0.7949,Green
Santosh Mitra Square,22,Light Rain,8,0.7559,Green
Mohammad Ali Park,22,Heavy Rain,8,0.7964,Green
Jodhpur Park,22,Clear,6,0.6207,Green
Chetla Agrani Club,22,Cloudy,8,0.8185,Green
Mudiali Club,22,Light Rain,7,0.6915,Green
Singhi Park Sarbojanin,22,Heavy Rain,7,0.6446,Green
Ballygunge Cultural Association,22,Clear,8,0.7607,Green
Kashi Bose Lane,22,Cloudy,7,0.7086,Green
Ahiritola Sarbojanin,22,Light Rain,7,0.6356,Green
Behala Nutan Dal,22,Heavy Rain,7,0.7232,Green
Tala Pratyay,22,Clear,8,0.8429,Green
Maniktala Chaltabagan,22,Cloudy,7,0.7295,Green
Hatibagan Sarbojanin,22,Light Rain,8,0.8367,Green
Bagbazar Sarbojanin,23,Heavy Rain,9,0.8204,Green
College Square,23,Clear,9,0.8367,Green
Deshapriya Park,23,Cloudy,8,0.7928,Green
Kumartuli Park,23,Light Rain,7,0.6681,Green
Suruchi Sangha,23,Heavy Rain,8,0.7493,Green
Sreebhumi Sporting Club,23,Clear,9,0.8857,Green
Ekdalia Evergreen,23,Cloudy,7,0.7558,Green
Tridhara Sammilani,23,Light Rain,6,0.6668,Green
Badamtala Ashar Sangha,23,Heavy Rain,7,0.6721,Green
Naktala Udayan Sangha,23,Clear,6,0.6042,Green
Bosepukur Sitala Mandir,23,Cloudy,6,0.6153,Green
Dum Dum Park Tarun Dal,23,Light Rain,7,0.693,Green
Santosh Mitra Square,23,Heavy Rain,8,0.8457,Green
Mohammad Ali Park,23,Clear,8,0.7862,Green
Jodhpur Park,23,Cloudy,6,0.5806,Green
Chetla Agrani Club,23,Light Rain,8,0.7737,Green
Mudiali Club,23,Heavy Rain,7,0.6928,Green
Singhi Park Sarbojanin,23,Clear,7,0.6132,Green
Ballygunge Cultural Association,23,Cloudy,8,0.7944,Green
Kashi Bose Lane,23,Light Rain,7,0.7063,Green
Ahiritola Sarbojanin,23,Heavy Rain,7,0.6257,Green
Behala Nutan Dal,23,Clear,7,0.7085,Green
Tala Pratyay,23,Cloudy,8,0.7662,Green
Maniktala Chaltabagan,23,Light Rain,7,0.7078,Green
Hatibagan Sarbojanin,23,Heavy Rain,8,0.8071,Green
